Workbook

Sheet Master Submitted DPDs
A1: HZ Ref | B1: LDF No | C1: Region | D1: LPA | E1: Title | F1: DPD Type | G1: Grade | H1: Actual Publication Date_Reg 19 | I1: Actual Publication Notes | J1: Actual Submission Date_Reg 22 | K1: Actual Submission Notes | L1: FIVE YEAR SUPPLY OF LAND | M1: Date of Appointment | N1: Date of Appointment Notes | O1: Actual Hearing Start Date | P1: Actual Hearing Start Notes | Q1: Hearings Close Date | R1: Hearings Close Notes | S1: Advisory Visit Prep | T1: Advisory Visit Meeting | U1: Advisory Visit Travel | V1: Advisory Visit Reporting | W1: Local Plan Admin | X1: Prep days* | Y1: Hearing days* | Z1: Post Hearing Letter(s) | AA1: SV days* | AB1: Travel days | AC1: Local Plan MM Prep | AD1: Reptg days* | AE1: Total Days | AF1: Days LDF Ref | AG1: Date Given To LPA For Receipt of Fact Check | AH1: Date Given To LPA For Receipt of Fact Check Notes | AI1: Draft Report Sent to QA Group Date | AJ1: Draft Report Sent to QA Group Notes | AK1: Fact Check Report Received From INSP Date | AL1: Fact Check Report Received From INSP Notes | AM1: Fact Check Report Dispatch Date | AN1: Fact Check Report Dispatch Notes | AO1: Final Report Issued Date | AP1: Final Report Issued Notes | AQ1: Adoption Date | AR1: Adoption Notes | AS1: Withdrawn Date | AT1: Withdrawn Notes | AU1: Status | AV1: Total Weeks | AW1: Hearing Close to_ final _report | AX1: NOTES | AY1: LPA Lookup | AZ1: Submission Date | BA1: Reports Issued
A2: NA | B2: 1570 | C2: WM | D2: Warwick | E2: Local Plan | F2: LP | G2: B | H2: 41775 | J2: 42034 | M2: 42034 | O2: 42130 | Q2: 42719 | X2: 57.52 | Y2: 29.32 | AA2: 3.69 | AB2: 14.15 | AD2: 75 | AE2: =AllPlans[[#This Row],[Prep days*]]+AllPlans[[#This Row],[Hearing days*]]+AllPlans[[#This Row],[SV days*]]+AllPlans[[#This Row],[Travel days]]+AllPlans[[#This Row],[Reptg days*]] -> 179.68 | AG2: 42937 | AI2: 42923 | AK2: 42933 | AM2: 42934 | AO2: 42944 | AQ2: 42999 | AU2: SOU | AV2: 130 | AW2: =SUM(AO2-Q2)/7 -> 32.142857 | AY2: E07000222 | AZ2: =TEXT(J2,"MMM YY") -> Jan 15 | BA2: =TEXT(AO2,"MMM YY") -> Jul 17
A3: NA | B3: 1089 | C3: SE | D3: Arun | E3: Local Plan | F3: LP | G3: A | H3: 41942 | J3: 42034 | M3: 42034 | O3: 42157 | Q3: 43006 | X3: 73.76 | Y3: 12.36 | AB3: 5.37 | AD3: 37.79 | AE3: =AllPlans[[#This Row],[Prep days*]]+AllPlans[[#This Row],[Hearing days*]]+AllPlans[[#This Row],[SV days*]]+AllPlans[[#This Row],[Travel days]]+AllPlans[[#This Row],[Reptg days*]] -> 129.28 | AG3: 43259 | AI3: 43217 | AK3: 43251 | AM3: 43251 | AO3: 43285 | AQ3: 43299 | AU3: SOU | AV3: =SUM(AO3-J3)/7 -> 178.71429 | AW3: =SUM(AO3-Q3)/7 -> 39.857143 | AY3: E07000224 | AZ3: =TEXT(J3,"MMM YY") -> Jan 15 | BA3: =TEXT(AO3,"MMM YY") -> Jul 18
A4: NA | B4: 1617 | C4: WM | D4: Tamworth | E4: Local Plan | F4: LP | G4: A | H4: 41934 | J4: 42040 | M4: 42041 | O4: 42171 | Q4: 42180 | X4: 58.17 | Y4: 9.08 | AB4: 4.39 | AD4: 34.27 | AE4: =AllPlans[[#This Row],[Prep days*]]+AllPlans[[#This Row],[Hearing days*]]+AllPlans[[#This Row],[SV days*]]+AllPlans[[#This Row],[Travel days]]+AllPlans[[#This Row],[Reptg days*]] -> 105.91 | AG4: 42396 | AI4: 42367 | AK4: 42396 | AM4: 42396 | AO4: 42403 | AQ4: 42423 | AU4: SOU | AV4: 85.142857 | AW4: =SUM(AO4-Q4)/7 -> 31.857143 | AY4: E07000199 | AZ4: =TEXT(J4,"MMM YY") -> Feb 15 | BA4: =TEXT(AO4,"MMM YY") -> Feb 16
A5: NA | B5: 1435 | C5: SW | D5: Cornwall | E5: Local Plan Strategic Policies | F5: LP | G5: B | H5: 41715 | J5: 42040 | M5: 42041 | O5: 42142 | Q5: 42514 | X5: 23.06 | Y5: 4.39 | AA5: 0.2 | AB5: 4.07 | AD5: 32.63 | AE5: =AllPlans[[#This Row],[Prep days*]]+AllPlans[[#This Row],[Hearing days*]]+AllPlans[[#This Row],[SV days*]]+AllPlans[[#This Row],[Travel days]]+AllPlans[[#This Row],[Reptg days*]] -> 64.35 | AG5: 42622 | AI5: 42576 | AK5: 42618 | AM5: 42618 | AO5: 42636 | AQ5: 42696 | AU5: SOU | AV5: 51.857143 | AW5: =SUM(AO5-Q5)/7 -> 17.428571 | AY5: E06000052 | AZ5: =TEXT(J5,"MMM YY") -> Feb 15 | BA5: =TEXT(AO5,"MMM YY") -> Sep 16
A6: NA | B6: 1609 | C6: E | D6: Broadland | E6: Growth Triangle AAP | F6: AAP | G6: D | H6: 41855 | J6: 42046 | M6: 42047 | O6: 42206 | Q6: 42209 | X6: 16.33 | Y6: 3.58 | AB6: 1.22 | AD6: 18.76 | AE6: =AllPlans[[#This Row],[Prep days*]]+AllPlans[[#This Row],[Hearing days*]]+AllPlans[[#This Row],[SV days*]]+AllPlans[[#This Row],[Travel days]]+AllPlans[[#This Row],[Reptg days*]] -> 39.89 | AG6: 42502 | AI6: 42473 | AK6: 42488 | AM6: 42493 | AO6: 42507 | AQ6: 42555 | AU6: SOU | AV6: 65.857143 | AW6: =SUM(AO6-Q6)/7 -> 42.571429 | AY6: E07000144 | AZ6: =TEXT(J6,"MMM YY") -> Feb 15 | BA6: =TEXT(AO6,"MMM YY") -> May 16
A7: NA | B7: 1530 | C7: YH | D7: Leeds | E7: Natural Resources & Waste LP Policies Minerals 13 & 14 | F7: M&W | G7: C | H7: 41960 | J7: 42052 | M7: 42052 | O7: 42151 | Q7: 42152 | X7: 12 | Y7: 1.5 | AB7: 1 | AD7: 6 | AE7: =AllPlans[[#This Row],[Prep days*]]+AllPlans[[#This Row],[Hearing days*]]+AllPlans[[#This Row],[SV days*]]+AllPlans[[#This Row],[Travel days]]+AllPlans[[#This Row],[Reptg days*]] -> 20.5 | AG7: 42244 | AI7: 42227 | AK7: 42234 | AM7: 42234 | AO7: 42244 | AQ7: 42263 | AU7: SOU | AV7: 27.428571 | AW7: =SUM(AO7-Q7)/7 -> 13.142857 | AY7: E08000035 | AZ7: =TEXT(J7,"MMM YY") -> Feb 15 | BA7: =TEXT(AO7,"MMM YY") -> Aug 15
A8: NA | B8: 1511 | C8: NW | D8: Preston | E8: Preston City Centre AAP | F8: AAP | G8: D | H8: 41936 | J8: 42062 | M8: 42062 | O8: 42332 | Q8: 42333 | X8: 17.45 | Y8: 2.17 | AA8: 0.41 | AB8: 1.48 | AD8: 13.49 | AE8: =AllPlans[[#This Row],[Prep days*]]+AllPlans[[#This Row],[Hearing days*]]+AllPlans[[#This Row],[SV days*]]+AllPlans[[#This Row],[Travel days]]+AllPlans[[#This Row],[Reptg days*]] -> 35 | AG8: 42531 | AI8: 42515 | AK8: 42529 | AM8: 42529 | AO8: 42542 | AQ8: 42551 | AU8: SOU | AV8: 68.571429 | AW8: =SUM(AO8-Q8)/7 -> 29.857143 | AY8: E07000123 | AZ8: =TEXT(J8,"MMM YY") -> Feb 15 | BA8: =TEXT(AO8,"MMM YY") -> Jun 16
A9: NA | B9: 1641 | C9: E | D9: South Norfolk | E9: Long Stratton AAP | F9: AAP | G9: D | H9: 41880 | J9: 42068 | O9: 42199 | Q9: 42201 | X9: 22.28 | Y9: 2.17 | AB9: 2.03 | AD9: 33.98 | AE9: =AllPlans[[#This Row],[Prep days*]]+AllPlans[[#This Row],[Hearing days*]]+AllPlans[[#This Row],[SV days*]]+AllPlans[[#This Row],[Travel days]]+AllPlans[[#This Row],[Reptg days*]] -> 60.46 | AG9: 42475 | AI9: 42433 | AK9: 42473 | AM9: 42474 | AO9: 42486 | AQ9: 42516 | AU9: SOU | AV9: 59.714286 | AW9: =SUM(AO9-Q9)/7 -> 40.714286 | AY9: E07000149 | AZ9: =TEXT(J9,"MMM YY") -> Mar 15 | BA9: =TEXT(AO9,"MMM YY") -> Apr 16
A10: NA | B10: 1625 | C10: Lon | D10: Wandsworth | E10: Local Plan Review | F10: LP | G10: A | H10: 41929 | J10: 42074 | M10: 42075 | O10: 42193 | Q10: 42200 | X10: 18.75 | Y10: 2.57 | AB10: 1.32 | AD10: 13.36 | AE10: =AllPlans[[#This Row],[Prep days*]]+AllPlans[[#This Row],[Hearing days*]]+AllPlans[[#This Row],[SV days*]]+AllPlans[[#This Row],[Travel days]]+AllPlans[[#This Row],[Reptg days*]] -> 36 | AG10: 42360 | AI10: 42338 | AK10: 42353 | AM10: 42353 | AO10: 42361 | AQ10: 42438 | AU10: SOU | AV10: 41 | AW10: =SUM(AO10-Q10)/7 -> 23 | AY10: E09000032 | AZ10: =TEXT(J10,"MMM YY") -> Mar 15 | BA10: =TEXT(AO10,"MMM YY") -> Dec 15
A11: NA | B11: 832 | C11: SE | D11: Vale of White Horse | E11: Local Plan part 1 | F11: LP | G11: A | H11: 41950 | J11: 42081 | M11: 42081 | O11: 42269 | Q11: 42418 | X11: 41.26 | Y11: 14.66 | AA11: 2.8 | AB11: 9.87 | AD11: 44.74 | AE11: =AllPlans[[#This Row],[Prep days*]]+AllPlans[[#This Row],[Hearing days*]]+AllPlans[[#This Row],[SV days*]]+AllPlans[[#This Row],[Travel days]]+AllPlans[[#This Row],[Reptg days*]] -> 113.33 | AG11: 42699 | AI11: 42688 | AK11: 42695 | AM11: 42695 | AO11: 42704 | AQ11: 42718 | AU11: SOU | AV11: 89 | AW11: =SUM(AO11-Q11)/7 -> 40.857143 | AY11: E07000180 | AZ11: =TEXT(J11,"MMM YY") -> Mar 15 | BA11: =TEXT(AO11,"MMM YY") -> Nov 16
A12: NA | B12: 1620 | C12: YH | D12: North Lincolnshire | E12: Lincolnshire Lakes AAP | F12: AAP | G12: D | H12: 41946 | J12: 42083 | M12: 42083 | O12: 42290 | Q12: 42297 | X12: 18.49 | Y12: 2.73 | AA12: 0.27 | AB12: 1.08 | AD12: 17.69 | AE12: =AllPlans[[#This Row],[Prep days*]]+AllPlans[[#This Row],[Hearing days*]]+AllPlans[[#This Row],[SV days*]]+AllPlans[[#This Row],[Travel days]]+AllPlans[[#This Row],[Reptg days*]] -> 40.26 | AG12: 42476 | AI12: 42450 | AK12: 42473 | AM12: 42472 | AO12: 42480 | AQ12: 42500 | AU12: SOU | AV12: 56.714286 | AW12: =SUM(AO12-Q12)/7 -> 26.142857 | AY12: E06000013 | AZ12: =TEXT(J12,"MMM YY") -> Mar 15 | BA12: =TEXT(AO12,"MMM YY") -> Apr 16
A13: NA | B13: 1630 | C13: SE | D13: Wealden | E13: Affordable Housing Delivery | F13: Other | G13: D | H13: 41974 | J13: 42088 | M13: 42088 | O13: 42144 | Q13: 42380 | X13: 12.53 | Y13: 2 | AB13: 2.71 | AD13: 15.52 | AE13: =AllPlans[[#This Row],[Prep days*]]+AllPlans[[#This Row],[Hearing days*]]+AllPlans[[#This Row],[SV days*]]+AllPlans[[#This Row],[Travel days]]+AllPlans[[#This Row],[Reptg days*]] -> 32.76 | AG13: 42419 | AI13: 42428 | AK13: 42418 | AM13: 42419 | AO13: 42424 | AQ13: 42508 | AU13: SOU | AV13: 48 | AW13: =SUM(AO13-Q13)/7 -> 6.2857143 | AY13: E07000065 | AZ13: =TEXT(J13,"MMM YY") -> Mar 15 | BA13: =TEXT(AO13,"MMM YY") -> Feb 16
A14: NA | B14: 1013 | C14: EM | D14: Hinckley and Bosworth | E14: Site Allocations & DM Policies | F14: SA | G14: B | H14: 41322 | J14: 42090 | M14: 42090 | O14: 42276 | Q14: 42284 | X14: 16 | Y14: 4 | AA14: 1.5 | AB14: 2.5 | AD14: 15 | AE14: =AllPlans[[#This Row],[Prep days*]]+AllPlans[[#This Row],[Hearing days*]]+AllPlans[[#This Row],[SV days*]]+AllPlans[[#This Row],[Travel days]]+AllPlans[[#This Row],[Reptg days*]] -> 39 | AG14: 42503 | AI14: 42485 | AK14: 42500 | AM14: 42501 | AO14: 42507 | AQ14: 42563 | AU14: SOU | AV14: 59.571429 | AW14: =SUM(AO14-Q14)/7 -> 31.857143 | AY14: E07000132 | AZ14: =TEXT(J14,"MMM YY") -> Mar 15 | BA14: =TEXT(AO14,"MMM YY") -> May 16
A15: NA | B15: 1636 | C15: SE | D15: Swale | E15: Local Plan part 1 | F15: LP | G15: A | H15: 41992 | J15: 42114 | M15: 42114 | O15: 42309 | Q15: 42774 | X15: 62.64 | Y15: 13.55 | AB15: 4.52 | AD15: 38.32 | AE15: =AllPlans[[#This Row],[Prep days*]]+AllPlans[[#This Row],[Hearing days*]]+AllPlans[[#This Row],[SV days*]]+AllPlans[[#This Row],[Travel days]]+AllPlans[[#This Row],[Reptg days*]] -> 119.03 | AG15: 42853 | AI15: 42829 | AK15: 42851 | AM15: 42852 | AO15: 42906 | AQ15: 42942 | AU15: SOU | AV15: 113.14286 | AW15: =SUM(AO15-Q15)/7 -> 18.857143 | AY15: E07000113 | AZ15: =TEXT(J15,"MMM YY") -> Apr 15 | BA15: =TEXT(AO15,"MMM YY") -> Jun 17
A16: NA | B16: 1637 | C16: E | D16: King's Lynn and West Norfolk | E16: Site Allocations & DM Policies | F16: SA | G16: B | H16: 42016 | J16: 42116 | M16: 42116 | O16: 42192 | Q16: 42327 | X16: 34.61 | Y16: 9.56 | AA16: 1.79 | AB16: 6.68 | AD16: 28.85 | AE16: =AllPlans[[#This Row],[Prep days*]]+AllPlans[[#This Row],[Hearing days*]]+AllPlans[[#This Row],[SV days*]]+AllPlans[[#This Row],[Travel days]]+AllPlans[[#This Row],[Reptg days*]] -> 81.49 | AG16: 42612 | AI16: 42577 | AK16: 42598 | AM16: 42599 | AO16: 42604 | AQ16: 42642 | AU16: SOU | AV16: 69.714286 | AW16: =SUM(AO16-Q16)/7 -> 39.571429 | AY16: E07000146 | AZ16: =TEXT(J16,"MMM YY") -> Apr 15 | BA16: =TEXT(AO16,"MMM YY") -> Aug 16
A17: NA | B17: 1639 | C17: EM | D17: Lincolnshire CC | E17: Core Strategy & DM Policies | F17: M&W | G17: 3 | H17: 42009 | J17: 42160 | M17: 42160 | O17: 42290 | Q17: 42293 | X17: 20.5 | Y17: 3.5 | AB17: 1 | AD17: 10 | AE17: =AllPlans[[#This Row],[Prep days*]]+AllPlans[[#This Row],[Hearing days*]]+AllPlans[[#This Row],[SV days*]]+AllPlans[[#This Row],[Travel days]]+AllPlans[[#This Row],[Reptg days*]] -> 35 | AG17: 42408 | AI17: 42395 | AK17: 42398 | AM17: 42398 | AO17: 42422 | AQ17: 42500 | AU17: SOU | AV17: 37.428571 | AW17: =SUM(AO17-Q17)/7 -> 18.428571 | AY17: E10000019 | AZ17: =TEXT(J17,"MMM YY") -> Jun 15 | BA17: =TEXT(AO17,"MMM YY") -> Feb 16
A18: NA | B18: 1042 | C18: SE | D18: Tunbridge Wells | E18: Site Allocations | F18: SA | G18: 3 | H18: 42044 | J18: 42163 | M18: 42163 | O18: 42318 | Q18: 42347 | X18: 30.5 | Y18: 7.24 | AA18: 2.13 | AB18: 4.36 | AD18: 15.16 | AE18: =AllPlans[[#This Row],[Prep days*]]+AllPlans[[#This Row],[Hearing days*]]+AllPlans[[#This Row],[SV days*]]+AllPlans[[#This Row],[Travel days]]+AllPlans[[#This Row],[Reptg days*]] -> 59.39 | AG18: 42521 | AI18: 42501 | AK18: 42517 | AM18: 42517 | AO18: 42530 | AQ18: 42571 | AU18: SOU | AV18: 52.428571 | AW18: =SUM(AO18-Q18)/7 -> 26.142857 | AY18: E07000116 | AZ18: =TEXT(J18,"MMM YY") -> Jun 15 | BA18: =TEXT(AO18,"MMM YY") -> Jun 16
A19: NA | B19: 1657 | C19: NW | D19: Carlisle | E19: Local Plan 2015-2030 | F19: LP | G19: 3 | H19: 42067 | J19: 42174 | M19: 42177 | O19: 42339 | Q19: 42389 | X19: 20.02 | Y19: 3.64 | AB19: 1.88 | AD19: 33.38 | AE19: =AllPlans[[#This Row],[Prep days*]]+AllPlans[[#This Row],[Hearing days*]]+AllPlans[[#This Row],[SV days*]]+AllPlans[[#This Row],[Travel days]]+AllPlans[[#This Row],[Reptg days*]] -> 58.92 | AG19: 42550 | AI19: 42528 | AK19: 42544 | AM19: 42544 | AO19: 42576 | AQ19: 42682 | AU19: SOU | AV19: 57.428571 | AW19: =SUM(AO19-Q19)/7 -> 26.714286 | AY19: E07000028 | AZ19: =TEXT(J19,"MMM YY") -> Jun 15 | BA19: =TEXT(AO19,"MMM YY") -> Jul 16
A20: NA | B20: 1668 | C20: SE | D20: East Hampshire | E20: Housing & Employment Allocations | F20: SA | G20: 3 | H20: 42104 | J20: 42194 | M20: 42195 | O20: 42304 | Q20: 42307 | X20: 16.7 | Y20: 3.78 | AB20: 0.94 | AD20: 12.16 | AE20: =AllPlans[[#This Row],[Prep days*]]+AllPlans[[#This Row],[Hearing days*]]+AllPlans[[#This Row],[SV days*]]+AllPlans[[#This Row],[Travel days]]+AllPlans[[#This Row],[Reptg days*]] -> 33.58 | AG20: 42419 | AI20: 42398 | AK20: 42409 | AM20: 42410 | AO20: 42415 | AQ20: 42467 | AU20: SOU | AV20: 33.857143 | AW20: =SUM(AO20-Q20)/7 -> 15.428571 | AY20: E07000085 | AZ20: =TEXT(J20,"MMM YY") -> Jul 15 | BA20: =TEXT(AO20,"MMM YY") -> Feb 16
A21: NA | B21: 1518 | C21: Lon | D21: Ealing | E21: Planning for Schools | F21: Other | G21: 2 | H21: 41690 | J21: 42194 | M21: 42194 | O21: 42319 | Q21: 42321 | X21: 20.08 | Y21: 3 | AA21: 2.43 | AB21: 2.56 | AD21: 19.61 | AE21: =AllPlans[[#This Row],[Prep days*]]+AllPlans[[#This Row],[Hearing days*]]+AllPlans[[#This Row],[SV days*]]+AllPlans[[#This Row],[Travel days]]+AllPlans[[#This Row],[Reptg days*]] -> 47.68 | AG21: 42426 | AI21: 42409 | AK21: 42423 | AM21: 42423 | AO21: 42431 | AQ21: 42500 | AU21: SOU | AV21: 31.571429 | AW21: =SUM(AO21-Q21)/7 -> 15.714286 | AY21: E09000009 | AZ21: =TEXT(J21,"MMM YY") -> Jul 15 | BA21: =TEXT(AO21,"MMM YY") -> Mar 16
A22: NA | B22: 1640 | C22: SW | D22: Taunton Deane | E22: Site Allocations & DMP | G22: 3 | H22: 42019 | J22: 42198 | M22: 42198 | O22: 42339 | Q22: 42465 | X22: 19.86 | Y22: 4.42 | AA22: 1.14 | AB22: 1.53 | AD22: 16.28 | AE22: =AllPlans[[#This Row],[Prep days*]]+AllPlans[[#This Row],[Hearing days*]]+AllPlans[[#This Row],[SV days*]]+AllPlans[[#This Row],[Travel days]]+AllPlans[[#This Row],[Reptg days*]] -> 43.23 | AG22: 42674 | AI22: 42654 | AK22: 42667 | AM22: 42667 | AO22: 42691 | AQ22: 42717 | AU22: SOU | AV22: 70.428571 | AW22: =SUM(AO22-Q22)/7 -> 32.285714 | AY22: E07000190 | AZ22: =TEXT(J22,"MMM YY") -> Jul 15 | BA22: =TEXT(AO22,"MMM YY") -> Nov 16
A23: NA | B23: 928 | C23: SE | D23: West Oxfordshire | E23: Local Plan | F23: LP | G23: 3 | H23: 42090 | J23: 42199 | M23: 42199 | O23: 42283 | Q23: 42936 | X23: 58.77 | Y23: 14.56 | AA23: 5.31 | AB23: 9.07 | AD23: 62.93 | AE23: =AllPlans[[#This Row],[Prep days*]]+AllPlans[[#This Row],[Hearing days*]]+AllPlans[[#This Row],[SV days*]]+AllPlans[[#This Row],[Travel days]]+AllPlans[[#This Row],[Reptg days*]] -> 150.64 | AG23: 43334 | AI23: 43307 | AK23: 43332 | AM23: 43332 | AO23: 43336 | AQ23: 43370 | AU23: SOU | AV23: =SUM(AO23-J23)/7 -> 162.42857 | AW23: =SUM(AO23-Q23)/7 -> 57.142857 | AY23: E07000181 | AZ23: =TEXT(J23,"MMM YY") -> Jul 15 | BA23: =TEXT(AO23,"MMM YY") -> Aug 18
A24: NA | B24: 1675 | C24: SW | D24: North Somerset | E24: DMP - Part 1 Sites & Policies | F24: DM | G24: 2 | H24: 42051 | J24: 42207 | M24: 42207 | O24: 42311 | Q24: 42312 | X24: 9.57 | Y24: 1.49 | AB24: 1.25 | AD24: 11.69 | AE24: =AllPlans[[#This Row],[Prep days*]]+AllPlans[[#This Row],[Hearing days*]]+AllPlans[[#This Row],[SV days*]]+AllPlans[[#This Row],[Travel days]]+AllPlans[[#This Row],[Reptg days*]] -> 24 | AG24: 42482 | AI24: 42471 | AK24: 42481 | AM24: 42481 | AO24: 42486 | AQ24: 42570 | AU24: SOU | AV24: 39.857143 | AW24: =SUM(AO24-Q24)/7 -> 24.857143 | AY24: E06000024 | AZ24: =TEXT(J24,"MMM YY") -> Jul 15 | BA24: =TEXT(AO24,"MMM YY") -> Apr 16
A25: NA | B25: 1367 | C25: EM | D25: North Northamptonshire | E25: Joint Core Strategy | F25: LP | G25: 3 | H25: 42030 | J25: 42216 | M25: 42216 | O25: 42325 | Q25: 42335 | X25: 28 | Y25: 7.56 | AB25: 1.99 | AD25: 31.5 | AE25: =AllPlans[[#This Row],[Prep days*]]+AllPlans[[#This Row],[Hearing days*]]+AllPlans[[#This Row],[SV days*]]+AllPlans[[#This Row],[Travel days]]+AllPlans[[#This Row],[Reptg days*]] -> 69.05 | AG25: 42524 | AI25: 42510 | AK25: 42521 | AM25: 42522 | AO25: 42543 | AQ25: 42565 | AU25: SOU | AV25: 46.714286 | AW25: =SUM(AO25-Q25)/7 -> 29.714286 | AY25: JSP019 | AZ25: =TEXT(J25,"MMM YY") -> Jul 15 | BA25: =TEXT(AO25,"MMM YY") -> Jun 16
A26: NA | B26: 1647 | C26: SW | D26: West Somerset | E26: Local Plan | F26: LP | G26: 3 | H26: 42045 | J26: 42216 | M26: 42216 | O26: 42443 | Q26: 42451 | X26: 29.66 | Y26: 4.04 | AB26: 1.08 | AD26: 13.91 | AE26: =AllPlans[[#This Row],[Prep days*]]+AllPlans[[#This Row],[Hearing days*]]+AllPlans[[#This Row],[SV days*]]+AllPlans[[#This Row],[Travel days]]+AllPlans[[#This Row],[Reptg days*]] -> 48.69 | AG26: 42615 | AI26: 42598 | AK26: 42612 | AM26: 42612 | AO26: 42627 | AQ26: 42697 | AU26: SOU | AV26: 58.714286 | AW26: =SUM(AO26-Q26)/7 -> 25.142857 | AY26: E07000191 | AZ26: =TEXT(J26,"MMM YY") -> Jul 15 | BA26: =TEXT(AO26,"MMM YY") -> Sep 16
A27: NA | B27: 1661 | C27: SW | D27: Wiltshire | E27: Chippenham AAP | F27: AAP | G27: 3 | H27: 42058 | J27: 42216 | M27: 42216 | O27: 42640 | Q27: 42647 | X27: 48.38 | Y27: 8.69 | AA27: 1.68 | AB27: 7.3 | AD27: 35 | AE27: =AllPlans[[#This Row],[Prep days*]]+AllPlans[[#This Row],[Hearing days*]]+AllPlans[[#This Row],[SV days*]]+AllPlans[[#This Row],[Travel days]]+AllPlans[[#This Row],[Reptg days*]] -> 101.05 | AG27: 42773 | AI27: 42752 | AK27: 42773 | AM27: 42773 | AO27: 42787 | AQ27: 42871 | AU27: SOU | AV27: 81.571429 | AW27: =SUM(AO27-Q27)/7 -> 20 | AY27: E06000054 | AZ27: =TEXT(J27,"MMM YY") -> Jul 15 | BA27: =TEXT(AO27,"MMM YY") -> Feb 17
A28: NA | B28: 1645 | C28: NW | D28: Sefton | E28: Local Plan | F28: LP | G28: 3 | H28: 42034 | J28: 42219 | M28: 42219 | O28: 42325 | Q28: 42676 | X28: 42.27 | Y28: 20.63 | AA28: 6.3 | AB28: 6.58 | AD28: 50.1 | AE28: =AllPlans[[#This Row],[Prep days*]]+AllPlans[[#This Row],[Hearing days*]]+AllPlans[[#This Row],[SV days*]]+AllPlans[[#This Row],[Travel days]]+AllPlans[[#This Row],[Reptg days*]] -> 125.88 | AG28: 42790 | AI28: 42766 | AK28: 42789 | AM28: 42789 | AO28: 42808 | AQ28: 42845 | AU28: SOU | AV28: 84.142857 | AW28: =SUM(AO28-Q28)/7 -> 18.857143 | AX28: HC Challenge email Legal 5/6 | AY28: E08000014 | AZ28: =TEXT(J28,"MMM YY") -> Aug 15 | BA28: =TEXT(AO28,"MMM YY") -> Mar 17
A29: NA | B29: 1596 | C29: SW | D29: Forest of Dean | E29: Allocations Plan | F29: SA | G29: 3 | H29: 42088 | J29: 42244 | M29: 42244 | O29: 42395 | Q29: 42930 | X29: 37.65 | Y29: 9.99 | AA29: 2.42 | AB29: 5.07 | AD29: 37.33 | AE29: =AllPlans[[#This Row],[Prep days*]]+AllPlans[[#This Row],[Hearing days*]]+AllPlans[[#This Row],[SV days*]]+AllPlans[[#This Row],[Travel days]]+AllPlans[[#This Row],[Reptg days*]] -> 92.46 | AG29: 43270 | AI29: 43242 | AK29: 43264 | AM29: 43265 | AO29: 43271 | AQ29: 43279 | AU29: SOU | AV29: =SUM(AO29-J29)/7 -> 146.71429 | AW29: =SUM(AO29-Q29)/7 -> 48.714286 | AY29: E07000080 | AZ29: =TEXT(J29,"MMM YY") -> Aug 15 | BA29: =TEXT(AO29,"MMM YY") -> Jun 18
A30: NA | B30: 1679 | C30: WM | D30: Wolverhampton | E30: City Centre AAP | F30: AAP | G30: 2 | H30: 42164 | J30: 42276 | M30: 42276 | O30: 42394 | Q30: 42394 | X30: 8.72 | Y30: 0.84 | AA30: 0.68 | AB30: 0.54 | AD30: 8.08 | AE30: =AllPlans[[#This Row],[Prep days*]]+AllPlans[[#This Row],[Hearing days*]]+AllPlans[[#This Row],[SV days*]]+AllPlans[[#This Row],[Travel days]]+AllPlans[[#This Row],[Reptg days*]] -> 18.86 | AG30: 42545 | AI30: 42521 | AK30: 42542 | AM30: 42542 | AO30: 42562 | AQ30: 42634 | AU30: SOU | AV30: 40.857143 | AW30: =SUM(AO30-Q30)/7 -> 24 | AY30: E08000031 | AZ30: =TEXT(J30,"MMM YY") -> Sep 15 | BA30: =TEXT(AO30,"MMM YY") -> Jul 16
A31: NA | B31: 1690 | C31: E | D31: Hertsmere | E31: Site Allocations & DM Policies | F31: SA | G31: 3 | H31: 42219 | J31: 42324 | M31: 42324 | O31: 42472 | Q31: 42474 | X31: 19.93 | Y31: 2.56 | AA31: 1.08 | AB31: 2.16 | AD31: 23.94 | AE31: =AllPlans[[#This Row],[Prep days*]]+AllPlans[[#This Row],[Hearing days*]]+AllPlans[[#This Row],[SV days*]]+AllPlans[[#This Row],[Travel days]]+AllPlans[[#This Row],[Reptg days*]] -> 49.67 | AG31: 42622 | AI31: 42600 | AK31: 42594 | AM31: 42616 | AO31: 42627 | AQ31: 42697 | AU31: SOU | AV31: 43.285714 | AW31: =SUM(AO31-Q31)/7 -> 21.857143 | AY31: E07000098 | AZ31: =TEXT(J31,"MMM YY") -> Nov 15 | BA31: =TEXT(AO31,"MMM YY") -> Sep 16
A32: NA | B32: 1682 | C32: YH | D32: Kingston upon Hull, City of | E32: Kingswood AAP | F32: AAP | G32: 2 | H32: 42173 | J32: 42338 | M32: 42338 | O32: 42423 | Q32: 42424 | X32: 14.8 | Y32: 1.76 | AB32: 0.68 | AD32: 12.23 | AE32: =AllPlans[[#This Row],[Prep days*]]+AllPlans[[#This Row],[Hearing days*]]+AllPlans[[#This Row],[SV days*]]+AllPlans[[#This Row],[Travel days]]+AllPlans[[#This Row],[Reptg days*]] -> 29.47 | AG32: 42531 | AI32: 42502 | AK32: 42515 | AM32: 42515 | AO32: 42521 | AQ32: 42628 | AU32: SOU | AV32: 26.142857 | AW32: =SUM(AO32-Q32)/7 -> 13.857143 | AY32: E06000010 | AZ32: =TEXT(J32,"MMM YY") -> Nov 15 | BA32: =TEXT(AO32,"MMM YY") -> May 16
A33: NA | B33: 1711 | C33: Lon | D33: Westminster | E33: Basement Revision | F33: PR | G33: 2 | H33: 42201 | J33: 42339 | M33: 42339 | O33: 42437 | Q33: 42437 | X33: 4.34 | Y33: 0.57 | AB33: 0.27 | AD33: 3.12 | AE33: =AllPlans[[#This Row],[Prep days*]]+AllPlans[[#This Row],[Hearing days*]]+AllPlans[[#This Row],[SV days*]]+AllPlans[[#This Row],[Travel days]]+AllPlans[[#This Row],[Reptg days*]] -> 8.3 | AG33: 42552 | AI33: 42536 | AK33: 42549 | AM33: 42549 | AO33: 42549 | AQ33: 42564 | AU33: SOU | AV33: 30 | AW33: =SUM(AO33-Q33)/7 -> 16 | AY33: E09000033 | AZ33: =TEXT(J33,"MMM YY") -> Dec 15 | BA33: =TEXT(AO33,"MMM YY") -> Jun 16
A34: NA | B34: 1712 | C34: Lon | D34: Westminster | E34: Mixed Use Revision | F34: PR | G34: 2 | H34: 42201 | J34: 42339 | M34: 42339 | O34: 42438 | Q34: 42438 | X34: 4.17 | Y34: 0.61 | AB34: 0.27 | AD34: 3.71 | AE34: =AllPlans[[#This Row],[Prep days*]]+AllPlans[[#This Row],[Hearing days*]]+AllPlans[[#This Row],[SV days*]]+AllPlans[[#This Row],[Travel days]]+AllPlans[[#This Row],[Reptg days*]] -> 8.76 | AG34: 42552 | AI34: 42536 | AK34: 42549 | AM34: 42549 | AO34: 42549 | AQ34: 42564 | AU34: SOU | AV34: 30 | AW34: =SUM(AO34-Q34)/7 -> 15.857143 | AY34: E09000033 | AZ34: =TEXT(J34,"MMM YY") -> Dec 15 | BA34: =TEXT(AO34,"MMM YY") -> Jun 16
A35: NA | B35: 1702 | C35: Lon | D35: Newham | E35: Detailed Sites & Policies | F35: SA | G35: 3 | H35: 42272 | J35: 42349 | M35: 42352 | O35: 42486 | Q35: 42495 | X35: 19.59 | Y35: 2.97 | AB35: 1.9 | AD35: 27.11 | AE35: =AllPlans[[#This Row],[Prep days*]]+AllPlans[[#This Row],[Hearing days*]]+AllPlans[[#This Row],[SV days*]]+AllPlans[[#This Row],[Travel days]]+AllPlans[[#This Row],[Reptg days*]] -> 51.57 | AG35: 42622 | AI35: 42612 | AK35: 42618 | AM35: 42618 | AO35: 42625 | AQ35: 42663 | AU35: SOU | AV35: 39.428571 | AW35: =SUM(AO35-Q35)/7 -> 18.571429 | AY35: E09000025 | AZ35: =TEXT(J35,"MMM YY") -> Dec 15 | BA35: =TEXT(AO35,"MMM YY") -> Sep 16
A36: NA | B36: 1531 | C36: E | D36: Ipswich | E36: Core Strategy & Policies | F36: LP | G36: 3 | H36: 41985 | J36: 42352 | M36: 42352 | O36: 42451 | Q36: 42550 | X36: 13.47 | Y36: 4.02 | AB36: 2.87 | AD36: 25.2 | AE36: =AllPlans[[#This Row],[Prep days*]]+AllPlans[[#This Row],[Hearing days*]]+AllPlans[[#This Row],[SV days*]]+AllPlans[[#This Row],[Travel days]]+AllPlans[[#This Row],[Reptg days*]] -> 45.56 | AG36: 42755 | AI36: 42733 | AK36: 42746 | AM36: 42746 | AO36: 42752 | AQ36: 42788 | AU36: SOU | AV36: 57.142857 | AW36: =SUM(AO36-Q36)/7 -> 28.857143 | AY36: E07000202 | AZ36: =TEXT(J36,"MMM YY") -> Dec 15 | BA36: =TEXT(AO36,"MMM YY") -> Jan 17
A37: NA | B37: 868 | C37: E | D37: Ipswich | E37: Site Allocations + IP1 AAP | F37: SA | G37: 3 | H37: 41985 | J37: 42352 | M37: 42352 | O37: 42556 | Q37: 42572 | X37: 14.31 | Y37: 5.4 | AB37: 3.55 | AD37: 15.75 | AE37: =AllPlans[[#This Row],[Prep days*]]+AllPlans[[#This Row],[Hearing days*]]+AllPlans[[#This Row],[SV days*]]+AllPlans[[#This Row],[Travel days]]+AllPlans[[#This Row],[Reptg days*]] -> 39.01 | AG37: 42755 | AI37: 42733 | AK37: 42746 | AM37: 42746 | AO37: 42752 | AQ37: 42788 | AU37: SOU | AV37: 57.142857 | AW37: =SUM(AO37-Q37)/7 -> 25.714286 | AY37: E07000202 | AZ37: =TEXT(J37,"MMM YY") -> Dec 15 | BA37: =TEXT(AO37,"MMM YY") -> Jan 17
A38: NA | B38: 1693 | C38: EM | D38: Derby | E38: Local Plan part 1 Core Strategy | F38: LP | G38: 3 | H38: 42242 | J38: 42356 | M38: 42356 | O38: 42486 | Q38: 42495 | X38: 25.37 | Y38: 4.09 | AA38: 2.17 | AB38: 3.02 | AD38: 22.59 | AE38: =AllPlans[[#This Row],[Prep days*]]+AllPlans[[#This Row],[Hearing days*]]+AllPlans[[#This Row],[SV days*]]+AllPlans[[#This Row],[Travel days]]+AllPlans[[#This Row],[Reptg days*]] -> 57.24 | AG38: 42699 | AI38: 42678 | AK38: 42692 | AM38: 42695 | AO38: 42709 | AQ38: 42760 | AU38: SOU | AV38: 50.428571 | AW38: =SUM(AO38-Q38)/7 -> 30.571429 | AY38: E06000015 | AZ38: =TEXT(J38,"MMM YY") -> Dec 15 | BA38: =TEXT(AO38,"MMM YY") -> Dec 16
A39: NA | B39: 1706 | C39: NW | D39: Eden | E39: Local Plan 2014-2032 | F39: LP | G39: 3 | H39: 42283 | J39: 42361 | M39: 42361 | O39: 42499 | Q39: 42859 | X39: 30.28 | Y39: 11.77 | AA39: 4.68 | AB39: 6.5 | AD39: 51.51 | AE39: =AllPlans[[#This Row],[Prep days*]]+AllPlans[[#This Row],[Hearing days*]]+AllPlans[[#This Row],[SV days*]]+AllPlans[[#This Row],[Travel days]]+AllPlans[[#This Row],[Reptg days*]] -> 104.74 | AG39: 43259 | AI39: 43252 | AK39: 43257 | AM39: 43257 | AO39: 43342 | AQ39: 43384 | AU39: SOU | AV39: =SUM(AO39-J39)/7 -> 140.14286 | AW39: =SUM(AO39-Q39)/7 -> 69 | AY39: E07000030 | AZ39: =TEXT(J39,"MMM YY") -> Dec 15 | BA39: =TEXT(AO39,"MMM YY") -> Aug 18
A40: NA | B40: 1696 | C40: SE | D40: Oxfordshire CC | E40: Minerals & Waste Local Plan -part 1 Core Strategy | F40: M&W | G40: 3 | H40: 42235 | J40: 42368 | M40: 42368 | O40: 42633 | Q40: 42643 | X40: 28.37 | Y40: 5.43 | AB40: 1.62 | AD40: 22.26 | AE40: =AllPlans[[#This Row],[Prep days*]]+AllPlans[[#This Row],[Hearing days*]]+AllPlans[[#This Row],[SV days*]]+AllPlans[[#This Row],[Travel days]]+AllPlans[[#This Row],[Reptg days*]] -> 57.68 | AG40: 42865 | AI40: 42832 | AK40: 42845 | AM40: 42859 | AO40: 42901 | AQ40: 42990 | AU40: SOU | AV40: 76.142857 | AW40: =SUM(AO40-Q40)/7 -> 36.857143 | AY40: E10000025 | AZ40: =TEXT(J40,"MMM YY") -> Dec 15 | BA40: =TEXT(AO40,"MMM YY") -> Jun 17
A41: NA | B41: 1716 | C41: SW | D41: North Somerset | E41: Consequential Changes | F41: PR | G41: 3 | I41: na | J41: 42377 | M41: 42380 | O41: 42542 | Q41: 42544 | X41: 22 | Y41: 7.18 | AB41: 2.91 | AD41: 25 | AE41: =AllPlans[[#This Row],[Prep days*]]+AllPlans[[#This Row],[Hearing days*]]+AllPlans[[#This Row],[SV days*]]+AllPlans[[#This Row],[Travel days]]+AllPlans[[#This Row],[Reptg days*]] -> 57.09 | AG41: 42678 | AI41: 42650 | AK41: 42667 | AM41: 42668 | AO41: 42682 | AQ41: 42745 | AU41: SOU | AV41: 46 | AW41: =SUM(AO41-Q41)/7 -> 19.714286 | AY41: E06000024 | AZ41: =TEXT(J41,"MMM YY") -> Jan 16 | BA41: =TEXT(AO41,"MMM YY") -> Nov 16
A42: NA | B42: 1681 | C42: WM | D42: Staffordshire CC | E42: Minerals Plan | F42: M&W | G42: 3 | H42: 42165 | J42: 42377 | M42: 42377 | O42: 42459 | Q42: 42473 | X42: 18.84 | Y42: 2.74 | AA42: 0.68 | AB42: 1.21 | AD42: 16.55 | AE42: =AllPlans[[#This Row],[Prep days*]]+AllPlans[[#This Row],[Hearing days*]]+AllPlans[[#This Row],[SV days*]]+AllPlans[[#This Row],[Travel days]]+AllPlans[[#This Row],[Reptg days*]] -> 40.02 | AG42: 42692 | AI42: 42678 | AK42: 42688 | AM42: 42690 | AO42: 42699 | AQ42: 42782 | AU42: SOU | AV42: 43.571429 | AW42: =SUM(AO42-Q42)/7 -> 32.285714 | AY42: E10000028 | AZ42: =TEXT(J42,"MMM YY") -> Jan 16 | BA42: =TEXT(AO42,"MMM YY") -> Nov 16
A43: NA | B43: 775 | C43: Lon | D43: Brent | E43: Dev Management Policies | F43: DM | G43: 2 | H43: 42271 | J43: 42394 | M43: 42394 | O43: 42493 | Q43: 42494 | X43: 15.43 | Y43: 2.16 | AA43: 0.27 | AB43: 0.54 | AD43: 13.28 | AE43: =AllPlans[[#This Row],[Prep days*]]+AllPlans[[#This Row],[Hearing days*]]+AllPlans[[#This Row],[SV days*]]+AllPlans[[#This Row],[Travel days]]+AllPlans[[#This Row],[Reptg days*]] -> 31.68 | AG43: 42622 | AI43: 42605 | AK43: 42620 | AM43: 42621 | AO43: 42632 | AQ43: 42695 | AU43: SOU | AV43: 34 | AW43: =SUM(AO43-Q43)/7 -> 19.714286 | AY43: E09000005 | AZ43: =TEXT(J43,"MMM YY") -> Jan 16 | BA43: =TEXT(AO43,"MMM YY") -> Sep 16
A44: NA | B44: 1688 | C44: YH | D44: Yorkshire Dales National Park | E44: Local Plan | F44: LP | G44: 3 | H44: 42213 | J44: 42397 | M44: 42397 | O44: 42570 | Q44: 42573 | X44: 37 | Y44: 4 | AA44: 1 | AD44: 17 | AE44: =AllPlans[[#This Row],[Prep days*]]+AllPlans[[#This Row],[Hearing days*]]+AllPlans[[#This Row],[SV days*]]+AllPlans[[#This Row],[Travel days]]+AllPlans[[#This Row],[Reptg days*]] -> 59 | AG44: 42723 | AI44: 42690 | AK44: 42717 | AM44: 42718 | AO44: 42719 | AQ44: 42724 | AU44: SOU | AV44: 46 | AW44: =SUM(AO44-Q44)/7 -> 20.857143 | AY44: E26000012 | AZ44: =TEXT(J44,"MMM YY") -> Jan 16 | BA44: =TEXT(AO44,"MMM YY") -> Dec 16
A45: NA | B45: 1704 | C45: YH | D45: Wakefield | E45: Retail & Town Centre Plan | F45: Other | G45: 2 | H45: 42292 | J45: 42404 | M45: 42404 | O45: 42535 | Q45: 42535 | X45: 11.13 | Y45: 1 | AA45: 0.32 | AB45: 0.38 | AD45: 6.96 | AE45: =AllPlans[[#This Row],[Prep days*]]+AllPlans[[#This Row],[Hearing days*]]+AllPlans[[#This Row],[SV days*]]+AllPlans[[#This Row],[Travel days]]+AllPlans[[#This Row],[Reptg days*]] -> 19.79 | AG45: 42662 | AI45: 42639 | AK45: 42656 | AM45: 42656 | AO45: 42664 | AQ45: 42753 | AU45: SOU | AV45: 37.142857 | AW45: =SUM(AO45-Q45)/7 -> 18.428571 | AY45: E08000036 | AZ45: =TEXT(J45,"MMM YY") -> Feb 16 | BA45: =TEXT(AO45,"MMM YY") -> Oct 16
A46: NA | B46: 1705 | C46: YH | D46: Wakefield | E46: Leisure, Recreation & Open Space | F46: Other | G46: 2 | H46: 42292 | J46: 42404 | M46: 42404 | O46: 42536 | Q46: 42536 | X46: 9.04 | Y46: 1 | AA46: 0.39 | AB46: 0.39 | AD46: 4.33 | AE46: =AllPlans[[#This Row],[Prep days*]]+AllPlans[[#This Row],[Hearing days*]]+AllPlans[[#This Row],[SV days*]]+AllPlans[[#This Row],[Travel days]]+AllPlans[[#This Row],[Reptg days*]] -> 15.15 | AG46: 42662 | AI46: 42639 | AK46: 42656 | AM46: 42656 | AO46: 42664 | AQ46: 42753 | AU46: SOU | AV46: 37.142857 | AW46: =SUM(AO46-Q46)/7 -> 18.285714 | AY46: E08000036 | AZ46: =TEXT(J46,"MMM YY") -> Feb 16 | BA46: =TEXT(AO46,"MMM YY") -> Oct 16
A47: NA | B47: 985 | C47: E | D47: Dacorum | E47: Site Allocations | F47: SA | G47: 3 | H47: 41906 | J47: 42405 | M47: 42405 | O47: 42647 | Q47: 42656 | X47: 28.01 | Y47: 7.1 | AA47: 0.68 | AB47: 2.84 | AD47: 13.55 | AE47: =AllPlans[[#This Row],[Prep days*]]+AllPlans[[#This Row],[Hearing days*]]+AllPlans[[#This Row],[SV days*]]+AllPlans[[#This Row],[Travel days]]+AllPlans[[#This Row],[Reptg days*]] -> 52.18 | AG47: 42823 | AI47: 42795 | AK47: 42808 | AM47: 42809 | AO47: 42831 | AQ47: 42928 | AU47: SOU | AV47: 60.857143 | AW47: =SUM(AO47-Q47)/7 -> 25 | AY47: E07000096 | AZ47: =TEXT(J47,"MMM YY") -> Feb 16 | BA47: =TEXT(AO47,"MMM YY") -> Apr 17
A48: NA | B48: 850 | C48: SW | D48: Devon CC | E48: Minerals Plan | F48: M&W | G48: 3 | H48: 42240 | J48: 42415 | M48: 42415 | O48: 42514 | Q48: 42517 | X48: 21 | Y48: 3.46 | AA48: 0.41 | AB48: 2.46 | AD48: 13.43 | AE48: =AllPlans[[#This Row],[Prep days*]]+AllPlans[[#This Row],[Hearing days*]]+AllPlans[[#This Row],[SV days*]]+AllPlans[[#This Row],[Travel days]]+AllPlans[[#This Row],[Reptg days*]] -> 40.76 | AG48: 42657 | AI48: 42649 | AK48: 42656 | AM48: 42656 | AO48: 42660 | AQ48: 42782 | AU48: SOU | AV48: 35 | AW48: =SUM(AO48-Q48)/7 -> 20.428571 | AY48: E10000008 | AZ48: =TEXT(J48,"MMM YY") -> Feb 16 | BA48: =TEXT(AO48,"MMM YY") -> Oct 16
A49: NA | B49: 1633 | C49: SE | D49: Eastbourne | E49: Employment Land Plan | F49: SA | G49: 2 | H49: 41985 | J49: 42423 | M49: 42423 | O49: 42502 | Q49: 42551 | X49: 20.1 | Y49: 2.68 | AB49: 1.08 | AD49: 10.26 | AE49: =AllPlans[[#This Row],[Prep days*]]+AllPlans[[#This Row],[Hearing days*]]+AllPlans[[#This Row],[SV days*]]+AllPlans[[#This Row],[Travel days]]+AllPlans[[#This Row],[Reptg days*]] -> 34.12 | AG49: 42667 | AI49: 42642 | AK49: 42642 | AM49: 42662 | AO49: 42667 | AQ49: 42690 | AU49: SOU | AV49: 34.857143 | AW49: =SUM(AO49-Q49)/7 -> 16.571429 | AY49: E07000061 | AZ49: =TEXT(J49,"MMM YY") -> Feb 16 | BA49: =TEXT(AO49,"MMM YY") -> Oct 16
A50: NA | B50: 1701 | C50: SE | D50: Woking | E50: Development Management Policies | F50: DM | G50: 2 | H50: 42669 | J50: 42424 | M50: 42424 | O50: 42500 | Q50: 42500 | X50: 9 | Y50: 0.84 | AB50: 1.12 | AD50: 7.91 | AE50: =AllPlans[[#This Row],[Prep days*]]+AllPlans[[#This Row],[Hearing days*]]+AllPlans[[#This Row],[SV days*]]+AllPlans[[#This Row],[Travel days]]+AllPlans[[#This Row],[Reptg days*]] -> 18.87 | AG50: 42587 | AI50: 42565 | AK50: 42564 | AM50: 42576 | AO50: 42583 | AQ50: 42663 | AU50: SOU | AV50: 22.714286 | AW50: =SUM(AO50-Q50)/7 -> 11.857143 | AY50: E07000217 | AZ50: =TEXT(J50,"MMM YY") -> Feb 16 | BA50: =TEXT(AO50,"MMM YY") -> Aug 16
A51: NA | B51: 1720 | C51: WM | D51: Dudley | E51: Dudley AAP | F51: AAP | G51: 2 | H51: 42314 | J51: 42432 | M51: 42432 | O51: 42535 | Q51: 42535 | X51: 9.98 | Y51: 1.22 | AB51: 0.27 | AD51: 10.68 | AE51: =AllPlans[[#This Row],[Prep days*]]+AllPlans[[#This Row],[Hearing days*]]+AllPlans[[#This Row],[SV days*]]+AllPlans[[#This Row],[Travel days]]+AllPlans[[#This Row],[Reptg days*]] -> 22.15 | AG51: 42699 | AI51: 42664 | AK51: 42681 | AM51: 42681 | AO51: 42683 | AQ51: 42793 | AU51: SOU | AV51: 35.857143 | AW51: =SUM(AO51-Q51)/7 -> 21.142857 | AY51: E08000027 | AZ51: =TEXT(J51,"MMM YY") -> Mar 16 | BA51: =TEXT(AO51,"MMM YY") -> Nov 16
A52: NA | B52: 1731 | C52: WM | D52: Dudley | E52: Development Strategy | F52: DM | G52: 3 | H52: 42380 | J52: 42439 | M52: 42439 | O52: 42507 | Q52: 42508 | X52: 11.77 | Y52: 2.3 | AB52: 0.54 | AD52: 10.09 | AE52: =AllPlans[[#This Row],[Prep days*]]+AllPlans[[#This Row],[Hearing days*]]+AllPlans[[#This Row],[SV days*]]+AllPlans[[#This Row],[Travel days]]+AllPlans[[#This Row],[Reptg days*]] -> 24.7 | AG52: 42662 | AI52: 42633 | AK52: 42656 | AM52: 42656 | AO52: 42675 | AQ52: 42793 | AU52: SOU | AV52: 33.714286 | AW52: =SUM(AO52-Q52)/7 -> 23.857143 | AY52: E08000027 | AZ52: =TEXT(J52,"MMM YY") -> Mar 16 | BA52: =TEXT(AO52,"MMM YY") -> Nov 16
A53: NA | B53: 1721 | C53: SW | D53: Preston | E53: Swanage Local Plan | F53: AAP | G53: 2 | H53: 42271 | J53: 42450 | M53: 42450 | O53: 42556 | Q53: 42577 | X53: 13.18 | Y53: 3.62 | AB53: 3.24 | AD53: 13.82 | AE53: =AllPlans[[#This Row],[Prep days*]]+AllPlans[[#This Row],[Hearing days*]]+AllPlans[[#This Row],[SV days*]]+AllPlans[[#This Row],[Travel days]]+AllPlans[[#This Row],[Reptg days*]] -> 33.86 | AG53: 42818 | AI53: 42800 | AK53: 42817 | AM53: 42817 | AO53: 42830 | AQ53: 42947 | AU53: SOU | AV53: 54.285714 | AW53: =SUM(AO53-Q53)/7 -> 36.142857 | AY53: E07000051 | AZ53: =TEXT(J53,"MMM YY") -> Mar 16 | BA53: =TEXT(AO53,"MMM YY") -> Apr 17
A54: NA | B54: 1388 | C54: SE | D54: Winchester | E54: Local Plan Part 2 | F54: SA | G54: 3 | H54: 42301 | J54: 42451 | M54: 42451 | O54: 42563 | Q54: 42571 | X54: 21 | Y54: 5.68 | AA54: 1.5 | AB54: 0.82 | AD54: 41 | AE54: =AllPlans[[#This Row],[Prep days*]]+AllPlans[[#This Row],[Hearing days*]]+AllPlans[[#This Row],[SV days*]]+AllPlans[[#This Row],[Travel days]]+AllPlans[[#This Row],[Reptg days*]] -> 70 | AG54: 42761 | AI54: 42745 | AK54: 42754 | AM54: 42389 | AO54: 42766 | AQ54: 42830 | AU54: SOU | AV54: 45 | AW54: =SUM(AO54-Q54)/7 -> 27.857143 | AY54: E07000094 | AZ54: =TEXT(J54,"MMM YY") -> Mar 16 | BA54: =TEXT(AO54,"MMM YY") -> Jan 17
A55: NA | B55: 1700 | C55: YH | D55: Rotherham | E55: Sites & Policies | F55: SA | G55: 3 | H55: 42275 | J55: 42453 | M55: 42453 | O55: 42563 | Q55: 43028 | X55: 46.35 | Y55: 23.6 | AA55: 5.8 | AB55: 5.21 | AD55: 55.42 | AE55: =AllPlans[[#This Row],[Prep days*]]+AllPlans[[#This Row],[Hearing days*]]+AllPlans[[#This Row],[SV days*]]+AllPlans[[#This Row],[Travel days]]+AllPlans[[#This Row],[Reptg days*]] -> 136.38 | AG55: 43188 | AI55: 43179 | AK55: 43186 | AM55: 43187 | AO55: 43194 | AQ55: 43278 | AU55: SOU | AV55: 105.85714 | AW55: =SUM(AO55-Q55)/7 -> 23.714286 | AY55: E08000018 | AZ55: =TEXT(J55,"MMM YY") -> Mar 16 | BA55: =TEXT(AO55,"MMM YY") -> Apr 18
A56: NA | B56: 1739 | C56: SE | D56: Milton Keynes | E56: Minerals Plan | F56: M&W | G56: 2 | H56: 42397 | J56: 42460 | M56: 42465 | O56: 42626 | Q56: 42662 | X56: 12.89 | Y56: 1.36 | AB56: 1.45 | AD56: 5.23 | AE56: =AllPlans[[#This Row],[Prep days*]]+AllPlans[[#This Row],[Hearing days*]]+AllPlans[[#This Row],[SV days*]]+AllPlans[[#This Row],[Travel days]]+AllPlans[[#This Row],[Reptg days*]] -> 20.93 | AG56: 42845 | AI56: 42824 | AK56: 42835 | AM56: 42838 | AO56: 42844 | AQ56: 42917 | AU56: SOU | AV56: 54.857143 | AW56: =SUM(AO56-Q56)/7 -> 26 | AY56: E06000042 | AZ56: =TEXT(J56,"MMM YY") -> Mar 16 | BA56: =TEXT(AO56,"MMM YY") -> Apr 17
A57: NA | B57: 1741 | C57: WM | D57: Coventry | E57: Local Plan | F57: LP | G57: 3 | H57: 42387 | J57: 42461 | M57: 42461 | O57: 42563 | Q57: 42753 | X57: 29.78 | Y57: 14.27 | AA57: 3.46 | AB57: 4.14 | AD57: 68.52 | AE57: =AllPlans[[#This Row],[Prep days*]]+AllPlans[[#This Row],[Hearing days*]]+AllPlans[[#This Row],[SV days*]]+AllPlans[[#This Row],[Travel days]]+AllPlans[[#This Row],[Reptg days*]] -> 120.17 | AG57: 43007 | AI57: 42991 | AK57: 43010 | AM57: 43010 | AO57: 43021 | AQ57: 43075 | AU57: SOU | AV57: 80 | AW57: =SUM(AO57-Q57)/7 -> 38.285714 | AY57: E08000026 | AZ57: =TEXT(J57,"MMM YY") -> Apr 16 | BA57: =TEXT(AO57,"MMM YY") -> Oct 17
A58: NA | B58: 1742 | C58: WM | D58: Coventry | E58: City Centre AAP | F58: AAP | G58: 2 | H58: 42387 | J58: 42461 | M58: 42461 | O58: 42663 | Q58: 42930 | X58: 9.47 | Y58: 0.54 | AB58: 0.46 | AD58: 5 | AE58: =AllPlans[[#This Row],[Prep days*]]+AllPlans[[#This Row],[Hearing days*]]+AllPlans[[#This Row],[SV days*]]+AllPlans[[#This Row],[Travel days]]+AllPlans[[#This Row],[Reptg days*]] -> 15.47 | AG58: 43028 | AI58: 43011 | AK58: 43028 | AM58: 43028 | AO58: 43046 | AQ58: 43075 | AU58: SOU | AV58: 83.571429 | AW58: =SUM(AO58-Q58)/7 -> 16.571429 | AY58: E08000026 | AZ58: =TEXT(J58,"MMM YY") -> Apr 16 | BA58: =TEXT(AO58,"MMM YY") -> Nov 17
A59: NA | B59: 1718 | C59: SE | D59: West Berkshire | E59: Site Allocations | F59: SA | G59: 3 | H59: 42317 | J59: 42466 | M59: 42466 | O59: 42542 | Q59: 42565 | X59: 32.92 | Y59: 7.59 | AA59: 1.5 | AB59: 3.11 | AD59: 29.39 | AE59: =AllPlans[[#This Row],[Prep days*]]+AllPlans[[#This Row],[Hearing days*]]+AllPlans[[#This Row],[SV days*]]+AllPlans[[#This Row],[Travel days]]+AllPlans[[#This Row],[Reptg days*]] -> 74.51 | AG59: 42832 | AI59: 42808 | AK59: 42821 | AM59: 42822 | AO59: 42831 | AQ59: 42864 | AU59: SOU | AV59: 52.142857 | AW59: =SUM(AO59-Q59)/7 -> 38 | AY59: E06000037 | AZ59: =TEXT(J59,"MMM YY") -> Apr 16 | BA59: =TEXT(AO59,"MMM YY") -> Apr 17
A60: NA | B60: 1733 | C60: SW | D60: Bath and North East Somerset | E60: Placemaking Plan | F60: SA | G60: 3 | H60: 42354 | J60: 42472 | M60: 42473 | O60: 42625 | Q60: 42656 | X60: 19.5 | Y60: 8.37 | AA60: 1 | AB60: 3.83 | AD60: 28.84 | AE60: =AllPlans[[#This Row],[Prep days*]]+AllPlans[[#This Row],[Hearing days*]]+AllPlans[[#This Row],[SV days*]]+AllPlans[[#This Row],[Travel days]]+AllPlans[[#This Row],[Reptg days*]] -> 61.54 | AG60: 42888 | AI60: 42857 | AK60: 42886 | AM60: 42887 | AO60: 42914 | AQ60: 42929 | AU60: SOU | AV60: 63.142857 | AW60: =SUM(AO60-Q60)/7 -> 36.857143 | AY60: E06000022 | AZ60: =TEXT(J60,"MMM YY") -> Apr 16 | BA60: =TEXT(AO60,"MMM YY") -> Jun 17
A61: NA | B61: 902 | C61: SE | D61: East Sussex, Brighton and S.Downs National Park | E61: Waste and Minerals Sites | F61: M&W | G61: 3 | H61: 42305 | J61: 42475 | M61: 42475 | O61: 42583 | Q61: 42586 | X61: 11.01 | Y61: 1.77 | AB61: 1.29 | AD61: 6.03 | AE61: =AllPlans[[#This Row],[Prep days*]]+AllPlans[[#This Row],[Hearing days*]]+AllPlans[[#This Row],[SV days*]]+AllPlans[[#This Row],[Travel days]]+AllPlans[[#This Row],[Reptg days*]] -> 20.1 | AG61: 42671 | AI61: 42655 | AK61: 42663 | AM61: 42667 | AO61: 42681 | AQ61: 42773 | AU61: SOU | AV61: 29.428571 | AW61: =SUM(AO61-Q61)/7 -> 13.571429 | AY61: LPA not known to MCLHG | AZ61: =TEXT(J61,"MMM YY") -> Apr 16 | BA61: =TEXT(AO61,"MMM YY") -> Nov 16
A62: NA | B62: 1709 | C62: E | D62: Luton | E62: Local Plan | F62: LP | G62: 3 | H62: 42303 | J62: 42482 | M62: 42485 | O62: 42570 | Q62: 42747 | X62: 45.89 | Y62: 12.81 | AB62: 5.53 | AD62: 33.51 | AE62: =AllPlans[[#This Row],[Prep days*]]+AllPlans[[#This Row],[Hearing days*]]+AllPlans[[#This Row],[SV days*]]+AllPlans[[#This Row],[Travel days]]+AllPlans[[#This Row],[Reptg days*]] -> 97.74 | AG62: 42923 | AI62: 42905 | AK62: 42921 | AM62: 42922 | AO62: 42948 | AQ62: 43046 | AU62: SOU | AV62: 66.571429 | AW62: =SUM(AO62-Q62)/7 -> 28.714286 | AY62: E06000032 | AZ62: =TEXT(J62,"MMM YY") -> Apr 16 | BA62: =TEXT(AO62,"MMM YY") -> Aug 17
A63: NA | B63: 1724 | C63: YH | D63: Bradford MBC | E63: Shipley & Canal Rd Corridor AAP | F63: AAP | G63: 2 | H63: 42352 | J63: 42482 | M63: 42482 | O63: 42703 | Q63: 42795 | X63: 12.04 | Y63: 1.15 | AB63: 0.57 | AD63: 2.19 | AE63: =AllPlans[[#This Row],[Prep days*]]+AllPlans[[#This Row],[Hearing days*]]+AllPlans[[#This Row],[SV days*]]+AllPlans[[#This Row],[Travel days]]+AllPlans[[#This Row],[Reptg days*]] -> 15.95 | AG63: 43007 | AI63: 42986 | AK63: 42999 | AM63: 43003 | AO63: 43010 | AQ63: 43081 | AU63: SOU | AV63: 75.428571 | AW63: =SUM(AO63-Q63)/7 -> 30.714286 | AY63: LPA not known to MCLHG | AZ63: =TEXT(J63,"MMM YY") -> Apr 16 | BA63: =TEXT(AO63,"MMM YY") -> Oct 17
A64: NA | B64: 1723 | C64: YH | D64: Bradford MBC | E64: Bradford City Centre AAP | F64: AAP | G64: 2 | H64: 42352 | J64: 42482 | M64: 42471 | O64: 42704 | Q64: 42795 | X64: 12.67 | Y64: 1.74 | AB64: 0.57 | AD64: 6.59 | AE64: =AllPlans[[#This Row],[Prep days*]]+AllPlans[[#This Row],[Hearing days*]]+AllPlans[[#This Row],[SV days*]]+AllPlans[[#This Row],[Travel days]]+AllPlans[[#This Row],[Reptg days*]] -> 21.57 | AG64: 43007 | AI64: 42986 | AK64: 42999 | AM64: 43003 | AO64: 43010 | AQ64: 43081 | AU64: SOU | AV64: 75.428571 | AW64: =SUM(AO64-Q64)/7 -> 30.714286 | AY64: LPA not known to MCLHG | AZ64: =TEXT(J64,"MMM YY") -> Apr 16 | BA64: =TEXT(AO64,"MMM YY") -> Oct 17
A65: NA | B65: 1719 | C65: WM | D65: Stafford | E65: Local Plan Pt 2 - Site Allocations | F65: SA | G65: 3 | H65: 42314 | J65: 42486 | M65: 42486 | O65: 42570 | Q65: 42584 | X65: 30.65 | Y65: 4.12 | AA65: 1.89 | AB65: 4.98 | AD65: 12.02 | AE65: =AllPlans[[#This Row],[Prep days*]]+AllPlans[[#This Row],[Hearing days*]]+AllPlans[[#This Row],[SV days*]]+AllPlans[[#This Row],[Travel days]]+AllPlans[[#This Row],[Reptg days*]] -> 53.66 | AG65: 42720 | AI65: 42691 | AK65: 42716 | AM65: 42716 | AO65: 42732 | AQ65: 42766 | AU65: SOU | AV65: 35.142857 | AW65: =SUM(AO65-Q65)/7 -> 21.142857 | AY65: E07000197 | AZ65: =TEXT(J65,"MMM YY") -> Apr 16 | BA65: =TEXT(AO65,"MMM YY") -> Dec 16
A66: NA | B66: 1738 | C66: NW | D66: St. Helens | E66: Bold Forest AAP | F66: AAP | G66: 3 | H66: 42389 | J66: 42496 | M66: 42496 | O66: 42604 | Q66: 42604 | X66: 19.54 | Y66: 3.04 | AA66: 0.37 | AB66: 2.15 | AD66: 23.11 | AE66: =AllPlans[[#This Row],[Prep days*]]+AllPlans[[#This Row],[Hearing days*]]+AllPlans[[#This Row],[SV days*]]+AllPlans[[#This Row],[Travel days]]+AllPlans[[#This Row],[Reptg days*]] -> 48.21 | AG66: 42768 | AI66: 42726 | AK66: 42762 | AM66: 42762 | AO66: 42775 | AQ66: 42928 | AU66: SOU | AV66: 57.857143 | AW66: =SUM(AO66-Q66)/7 -> 24.428571 | AY66: E08000013 | AZ66: =TEXT(J66,"MMM YY") -> May 16 | BA66: =TEXT(AO66,"MMM YY") -> Feb 17
A67: NA | B67: 574 | C67: SW | D67: Exmoor National Park | E67: Local Plan | F67: LP | G67: 3 | H67: 42170 | J67: 42496 | M67: 42496 | O67: 42563 | Q67: 42566 | X67: 12.94 | Y67: 1.05 | AB67: 0.27 | AD67: 13.93 | AE67: =AllPlans[[#This Row],[Prep days*]]+AllPlans[[#This Row],[Hearing days*]]+AllPlans[[#This Row],[SV days*]]+AllPlans[[#This Row],[Travel days]]+AllPlans[[#This Row],[Reptg days*]] -> 28.19 | AG67: 42874 | AI67: 42852 | AK67: 42870 | AM67: 42871 | AO67: 42901 | AQ67: 42920 | AU67: SOU | AV67: 39.857143 | AW67: =SUM(AO67-Q67)/7 -> 47.857143 | AY67: E26000002 | AZ67: =TEXT(J67,"MMM YY") -> May 16 | BA67: =TEXT(AO67,"MMM YY") -> Jun 17
A68: NA | B68: 1715 | C68: YH | D68: Scarborough | E68: Local Plan | F68: LP | G68: 3 | H68: 42314 | J68: 42499 | M68: 42499 | O68: 42598 | Q68: 42759 | X68: 28.7 | Y68: 4.08 | AB68: 3.8 | AD68: 18.58 | AE68: =AllPlans[[#This Row],[Prep days*]]+AllPlans[[#This Row],[Hearing days*]]+AllPlans[[#This Row],[SV days*]]+AllPlans[[#This Row],[Travel days]]+AllPlans[[#This Row],[Reptg days*]] -> 55.16 | AG68: 42774 | AI68: 42762 | AK68: 42768 | AM68: 42769 | AO68: 42775 | AQ68: 42919 | AU68: SOU | AV68: 39.428571 | AW68: =SUM(AO68-Q68)/7 -> 2.2857143 | AY68: E07000168 | AZ68: =TEXT(J68,"MMM YY") -> May 16 | BA68: =TEXT(AO68,"MMM YY") -> Feb 17
A69: NA | B69: 1727 | C69: Lon | D69: Westminster | E69: Westminster City Plan-Special Policy Areas & Policiies Map Revision | F69: PR | G69: 2 | H69: 42341 | J69: 42501 | M69: 42501 | P69: WR | R69: n/a | X69: 9.13 | AD69: 3.49 | AE69: =AllPlans[[#This Row],[Prep days*]]+AllPlans[[#This Row],[Hearing days*]]+AllPlans[[#This Row],[SV days*]]+AllPlans[[#This Row],[Travel days]]+AllPlans[[#This Row],[Reptg days*]] -> 12.62 | AG69: 42627 | AI69: 42604 | AK69: 42612 | AM69: 42613 | AO69: 42613 | AQ69: 42683 | AU69: SOU | AV69: 16 | AW69: =SUM(AO69-Q69)/7 -> 6087.5714 | AY69: E09000033 | AZ69: =TEXT(J69,"MMM YY") -> May 16 | BA69: =TEXT(AO69,"MMM YY") -> Aug 16
A70: NA | B70: 1722 | C70: YH | D70: Bradford MBC | E70: Waste Management Development | F70: M&W | G70: 3 | H70: 42352 | J70: 42501 | M70: 42501 | P70: WR | Q70: NA | R70: n/a | X70: 7.73 | AD70: 10.86 | AE70: =AllPlans[[#This Row],[Prep days*]]+AllPlans[[#This Row],[Hearing days*]]+AllPlans[[#This Row],[SV days*]]+AllPlans[[#This Row],[Travel days]]+AllPlans[[#This Row],[Reptg days*]] -> 18.59 | AG70: 42937 | AI70: 42923 | AK70: 42935 | AM70: 42936 | AO70: 42941 | AQ70: 43025 | AU70: SOU | AV70: 62.857143 | AW70: =SUM(AO70-Q70)/7 -> #VALUE! | AY70: LPA not known to MCLHG | AZ70: =TEXT(J70,"MMM YY") -> May 16 | BA70: =TEXT(AO70,"MMM YY") -> Jul 17
A71: NA | B71: 693 | C71: SE | D71: Maidstone | E71: Local Plan | F71: LP | G71: 3 | H71: 42405 | J71: 42510 | M71: 42510 | O71: 42647 | Q71: 42759 | X71: 73.56 | Y71: 18.74 | AB71: 5.41 | AD71: 48.31 | AE71: =AllPlans[[#This Row],[Prep days*]]+AllPlans[[#This Row],[Hearing days*]]+AllPlans[[#This Row],[SV days*]]+AllPlans[[#This Row],[Travel days]]+AllPlans[[#This Row],[Reptg days*]] -> 146.02 | AG71: 42944 | AI71: 42902 | AK71: 42940 | AM71: 42940 | AO71: 42943 | AQ71: 43033 | AU71: SOU | AV71: 61.857143 | AW71: =SUM(AO71-Q71)/7 -> 26.285714 | AY71: E07000110 | AZ71: =TEXT(J71,"MMM YY") -> May 16 | BA71: =TEXT(AO71,"MMM YY") -> Jul 17
A72: NA | B72: 1734 | C72: Lon | D72: Haringey | E72: Alterations to Strategic Policies | F72: LP | G72: 3 | H72: 42377 | J72: 42514 | M72: 42514 | O72: 42605 | Q72: 42621 | X72: 35.79 | Y72: 11.21 | AD72: 35.77 | AE72: =AllPlans[[#This Row],[Prep days*]]+AllPlans[[#This Row],[Hearing days*]]+AllPlans[[#This Row],[SV days*]]+AllPlans[[#This Row],[Travel days]]+AllPlans[[#This Row],[Reptg days*]] -> 82.77 | AG72: 42852 | AI72: 42828 | AK72: 42846 | AM72: 42846 | AO72: 42853 | AQ72: 42940 | AU72: SOU | AV72: 48.428571 | AW72: =SUM(AO72-Q72)/7 -> 33.142857 | AY72: E09000014 | AZ72: =TEXT(J72,"MMM YY") -> May 16 | BA72: =TEXT(AO72,"MMM YY") -> Apr 17
A73: NA | B73: 1735 | C73: Lon | D73: Haringey | E73: Development Management | F73: DM | G73: 2 | H73: 42377 | J73: 42514 | M73: 42514 | O73: 42607 | Q73: 42621 | X73: 0 | Y73: 2 | AA73: 0 | AB73: 0 | AD73: 3 | AE73: =AllPlans[[#This Row],[Prep days*]]+AllPlans[[#This Row],[Hearing days*]]+AllPlans[[#This Row],[SV days*]]+AllPlans[[#This Row],[Travel days]]+AllPlans[[#This Row],[Reptg days*]] -> 5 | AF73: 1734 | AG73: 42852 | AI73: 42828 | AK73: 42846 | AM73: 42846 | AO73: 42853 | AQ73: 42940 | AU73: SOU | AV73: 48.428571 | AW73: =SUM(AO73-Q73)/7 -> 33.142857 | AY73: E09000014 | AZ73: =TEXT(J73,"MMM YY") -> May 16 | BA73: =TEXT(AO73,"MMM YY") -> Apr 17
A74: NA | B74: 1736 | C74: Lon | D74: Haringey | E74: Site Allocations | F74: SA | G74: 3 | H74: 42377 | J74: 42514 | M74: 42514 | O74: 42612 | Q74: 42621 | X74: 17 | Y74: 3 | AA74: 0 | AB74: 0 | AD74: 0 | AE74: =AllPlans[[#This Row],[Prep days*]]+AllPlans[[#This Row],[Hearing days*]]+AllPlans[[#This Row],[SV days*]]+AllPlans[[#This Row],[Travel days]]+AllPlans[[#This Row],[Reptg days*]] -> 20 | AF74: 1734 | AG74: 42852 | AI74: 43069 | AK74: 42846 | AM74: 42846 | AO74: 42853 | AQ74: 42940 | AU74: SOU | AV74: 48.428571 | AW74: =SUM(AO74-Q74)/7 -> 33.142857 | AY74: E09000014 | AZ74: =TEXT(J74,"MMM YY") -> May 16 | BA74: =TEXT(AO74,"MMM YY") -> Apr 17
A75: NA | B75: 1737 | C75: Lon | D75: Haringey | E75: Tottenham AAP | F75: AAP | G75: 2 | H75: 42377 | J75: 42514 | M75: 42514 | O75: 42619 | Q75: 42621 | X75: 7 | Y75: 3 | AA75: 0 | AB75: 0 | AD75: 2 | AE75: =AllPlans[[#This Row],[Prep days*]]+AllPlans[[#This Row],[Hearing days*]]+AllPlans[[#This Row],[SV days*]]+AllPlans[[#This Row],[Travel days]]+AllPlans[[#This Row],[Reptg days*]] -> 12 | AF75: 1734 | AG75: 42852 | AI75: 42828 | AK75: 42846 | AM75: 42846 | AO75: 42853 | AQ75: 42940 | AU75: SOU | AV75: 48.428571 | AW75: =SUM(AO75-Q75)/7 -> 33.142857 | AY75: E09000014 | AZ75: =TEXT(J75,"MMM YY") -> May 16 | BA75: =TEXT(AO75,"MMM YY") -> Apr 17
A76: NA | B76: 822 | C76: E | D76: Essex and Southend-on-Sea | E76: Replacement Waste Local Plan | F76: M&W | G76: 3 | H76: 42432 | J76: 42531 | M76: 42531 | O76: 42640 | Q76: 42650 | X76: 34.16 | Y76: 10.25 | AA76: 1.08 | AB76: 3.38 | AD76: 46.54 | AE76: =AllPlans[[#This Row],[Prep days*]]+AllPlans[[#This Row],[Hearing days*]]+AllPlans[[#This Row],[SV days*]]+AllPlans[[#This Row],[Travel days]]+AllPlans[[#This Row],[Reptg days*]] -> 95.41 | AG76: 42886 | AI76: 42878 | AK76: 42885 | AM76: 42885 | AO76: 42905 | AQ76: 42927 | AU76: SOU | AV76: 117.57143 | AW76: =SUM(AO76-Q76)/7 -> 36.428571 | AY76: LPA not known to MCLHG | AZ76: =TEXT(J76,"MMM YY") -> Jun 16 | BA76: =TEXT(AO76,"MMM YY") -> Jun 17
A77: NA | B77: 1585 | C77: SW | D77: North Devon and Torridge | E77: Local Plan | F77: LP | G77: 3 | H77: 41816 | J77: 42531 | M77: 42531 | O77: 42696 | Q77: 43117 | X77: 14.74 | Y77: 5.88 | AB77: 2.16 | AD77: 15.49 | AE77: =AllPlans[[#This Row],[Prep days*]]+AllPlans[[#This Row],[Hearing days*]]+AllPlans[[#This Row],[SV days*]]+AllPlans[[#This Row],[Travel days]]+AllPlans[[#This Row],[Reptg days*]] -> 38.27 | AG77: 43336 | AI77: 43327 | AK77: 43334 | AM77: 43335 | AO77: 43354 | AQ77: 43402 | AU77: SOU | AV77: 53.428571 | AW77: =SUM(AO77-Q77)/7 -> 33.857143 | AY77: JSP018 | AZ77: =TEXT(J77,"MMM YY") -> Jun 16 | BA77: =TEXT(AO77,"MMM YY") -> Sep 18
A78: NA | B78: 1754 | C78: E | D78: Suffolk Coastal | E78: Felixstowe Peninsula AAP | F78: AAP | G78: 2 | H78: 42478 | J78: 42541 | M78: 42542 | O78: 42612 | Q78: 42615 | X78: 4.32 | AD78: 3.17 | AE78: =AllPlans[[#This Row],[Prep days*]]+AllPlans[[#This Row],[Hearing days*]]+AllPlans[[#This Row],[SV days*]]+AllPlans[[#This Row],[Travel days]]+AllPlans[[#This Row],[Reptg days*]] -> 7.49 | AG78: 42762 | AI78: 42733 | AK78: 42748 | AM78: 42748 | AO78: 42751 | AQ78: 42761 | AU78: SOU | AV78: 30 | AW78: =SUM(AO78-Q78)/7 -> 19.428571 | AY78: E07000205 | AZ78: =TEXT(J78,"MMM YY") -> Jun 16 | BA78: =TEXT(AO78,"MMM YY") -> Jan 17
A79: NA | B79: 1755 | C79: E | D79: Suffolk Coastal | E79: Site Alloc & Area Specific Policies | F79: SA | G79: 3 | H79: 42478 | J79: 42541 | M79: 42542 | O79: 42612 | Q79: 42615 | X79: 19.09 | Y79: 3.37 | AB79: 1.42 | AD79: 22.12 | AE79: =AllPlans[[#This Row],[Prep days*]]+AllPlans[[#This Row],[Hearing days*]]+AllPlans[[#This Row],[SV days*]]+AllPlans[[#This Row],[Travel days]]+AllPlans[[#This Row],[Reptg days*]] -> 46 | AG79: 42762 | AI79: 42733 | AK79: 42748 | AM79: 42748 | AO79: 42751 | AQ79: 42761 | AU79: SOU | AV79: 30 | AW79: =SUM(AO79-Q79)/7 -> 19.428571 | AY79: E07000205 | AZ79: =TEXT(J79,"MMM YY") -> Jun 16 | BA79: =TEXT(AO79,"MMM YY") -> Jan 17
A80: NA | B80: 1449 | C80: SE | D80: Dartford | E80: Development Policies Plan | F80: DM | G80: 2 | H80: 42391 | J80: 42542 | M80: 42543 | O80: 42661 | Q80: 42664 | X80: 22.37 | Y80: 3.52 | AB80: 1.89 | AD80: 20.84 | AE80: =AllPlans[[#This Row],[Prep days*]]+AllPlans[[#This Row],[Hearing days*]]+AllPlans[[#This Row],[SV days*]]+AllPlans[[#This Row],[Travel days]]+AllPlans[[#This Row],[Reptg days*]] -> 48.62 | AG80: 42920 | AI80: 42909 | AK80: 42913 | AM80: 42913 | AO80: 42916 | AQ80: 42933 | AU80: SOU | AV80: 53.428571 | AW80: =SUM(AO80-Q80)/7 -> 36 | AY80: E07000107 | AZ80: =TEXT(J80,"MMM YY") -> Jun 16 | BA80: =TEXT(AO80,"MMM YY") -> Jun 17
A81: NA | B81: 1746 | C81: Lon | D81: Camden | E81: Local Plan | F81: LP | G81: 3 | H81: 42408 | J81: 42545 | M81: 42545 | O81: 42661 | Q81: 42668 | X81: 31.78 | Y81: 3.11 | AA81: 0.2 | AB81: 1.08 | AD81: 27.31 | AE81: =AllPlans[[#This Row],[Prep days*]]+AllPlans[[#This Row],[Hearing days*]]+AllPlans[[#This Row],[SV days*]]+AllPlans[[#This Row],[Travel days]]+AllPlans[[#This Row],[Reptg days*]] -> 63.48 | AG81: 42852 | AI81: 42828 | AK81: 42846 | AM81: 42846 | AO81: 42865 | AQ81: 42919 | AU81: SOU | AV81: 45.714286 | AW81: =SUM(AO81-Q81)/7 -> 28.142857 | AY81: E09000007 | AZ81: =TEXT(J81,"MMM YY") -> Jun 16 | BA81: =TEXT(AO81,"MMM YY") -> May 17
A82: NA | B82: 1753 | C82: EM | D82: Central Lincolnshire | E82: Local Plan | F82: LP | G82: 3 | H82: 42475 | J82: 42551 | M82: 42552 | O82: 42675 | Q82: 42718 | X82: 23.27 | Y82: 6.96 | AB82: 2.37 | AD82: 22.88 | AE82: =AllPlans[[#This Row],[Prep days*]]+AllPlans[[#This Row],[Hearing days*]]+AllPlans[[#This Row],[SV days*]]+AllPlans[[#This Row],[Travel days]]+AllPlans[[#This Row],[Reptg days*]] -> 55.48 | AG82: 42838 | AI82: 42823 | AK82: 42830 | AM82: 42830 | AO82: 42835 | AQ82: 42849 | AU82: SOU | AV82: 70.571429 | AW82: =SUM(AO82-Q82)/7 -> 16.714286 | AY82: JSP003 | AZ82: =TEXT(J82,"MMM YY") -> Jun 16 | BA82: =TEXT(AO82,"MMM YY") -> Apr 17
A83: NA | B83: 1510 | C83: NE | D83: North Tyneside | E83: Local Plan | F83: LP | G83: 3 | H83: 42310 | J83: 42551 | M83: 42552 | O83: 42682 | Q83: 42711 | X83: 49.67 | Y83: 20.41 | AA83: 2.3 | AB83: 3.26 | AD83: 30.8 | AE83: =AllPlans[[#This Row],[Prep days*]]+AllPlans[[#This Row],[Hearing days*]]+AllPlans[[#This Row],[SV days*]]+AllPlans[[#This Row],[Travel days]]+AllPlans[[#This Row],[Reptg days*]] -> 106.44 | AG83: 42845 | AI83: 42824 | AK83: 42836 | AM83: 42836 | AO83: 42864 | AQ83: 42936 | AU83: SOU | AV83: 40.571429 | AW83: =SUM(AO83-Q83)/7 -> 21.857143 | AY83: E08000022 | AZ83: =TEXT(J83,"MMM YY") -> Jun 16 | BA83: =TEXT(AO83,"MMM YY") -> May 17
A84: NA | B84: 1740 | C84: WM | D84: Telford and Wrekin | E84: Local Plan | F84: LP | G84: 3 | H84: 42401 | J84: 42551 | M84: 42551 | O84: 42765 | Q84: 42776 | X84: 43.94 | Y84: 13.09 | AA84: 1.35 | AB84: 5.7 | AD84: 32.68 | AE84: =AllPlans[[#This Row],[Prep days*]]+AllPlans[[#This Row],[Hearing days*]]+AllPlans[[#This Row],[SV days*]]+AllPlans[[#This Row],[Travel days]]+AllPlans[[#This Row],[Reptg days*]] -> 96.76 | AG84: 43032 | AI84: 43013 | AK84: 43032 | AM84: 43032 | AO84: 43045 | AQ84: 43111 | AU84: SOU | AV84: 44.714286 | AW84: =SUM(AO84-Q84)/7 -> 38.428571 | AY84: E06000020 | AZ84: =TEXT(J84,"MMM YY") -> Jun 16 | BA84: =TEXT(AO84,"MMM YY") -> Nov 17
A85: NA | B85: 844 | C85: E | D85: Stevenage | E85: Local Plan | F85: LP | G85: 3 | H85: 42375 | J85: 42573 | M85: 42573 | O85: 42752 | Q85: 42825 | X85: 47.25 | Y85: 12.12 | AB85: 3.86 | AD85: 27.24 | AE85: =AllPlans[[#This Row],[Prep days*]]+AllPlans[[#This Row],[Hearing days*]]+AllPlans[[#This Row],[SV days*]]+AllPlans[[#This Row],[Travel days]]+AllPlans[[#This Row],[Reptg days*]] -> 90.47 | AG85: 43021 | AI85: 42989 | AK85: 43013 | AM85: 43014 | AO85: 43026 | AQ85: 43607 | AU85: SOU | AV85: 64.714286 | AW85: =SUM(AO85-Q85)/7 -> 28.714286 | AY85: E07000243 | AZ85: =TEXT(J85,"MMM YY") -> Jul 16 | BA85: =TEXT(AO85,"MMM YY") -> Oct 17
A86: NA | B86: 1732 | C86: E | D86: St Albans | E86: Local Plan | F86: LP | G86: 3 | H86: 42377 | J86: 42584 | M86: 42585 | O86: 42669 | X86: 27.33 | Y86: 0 | AA86: 0 | AB86: 0 | AD86: 0 | AE86: =AllPlans[[#This Row],[Prep days*]]+AllPlans[[#This Row],[Hearing days*]]+AllPlans[[#This Row],[SV days*]]+AllPlans[[#This Row],[Travel days]]+AllPlans[[#This Row],[Reptg days*]] -> 27.33 | AS86: 43105 | AU86: DPDW | AV86: =DATEDIF(J86,AO86, "d")/7 -> #NUM! | AW86: =SUM(AO86-Q86)/7 -> 0 | AY86: E07000240 | AZ86: =TEXT(J86,"MMM YY") -> Aug 16 | BA86: =TEXT(AO86,"MMM YY") -> Jan 00
A87: NA | B87: 1676 | C87: SE | D87: Mid Sussex | E87: Local Plan (District Plan 2) | F87: LP | G87: 3 | H87: 42167 | J87: 42599 | M87: 42597 | O87: 42703 | Q87: 43136 | X87: 67.02 | Y87: 9.94 | AB87: 8.82 | AD87: 35.18 | AE87: =AllPlans[[#This Row],[Prep days*]]+AllPlans[[#This Row],[Hearing days*]]+AllPlans[[#This Row],[SV days*]]+AllPlans[[#This Row],[Travel days]]+AllPlans[[#This Row],[Reptg days*]] -> 120.96 | AG87: 43179 | AI87: 43153 | AK87: 43161 | AM87: 43165 | AO87: 43171 | AQ87: 43187 | AU87: SOU | AV87: 81.714286 | AW87: =SUM(AO87-Q87)/7 -> 5 | AY87: E07000228 | AZ87: =TEXT(J87,"MMM YY") -> Aug 16 | BA87: =TEXT(AO87,"MMM YY") -> Mar 18
A88: NA | B88: 1762 | C88: EM | D88: Northamptonshire CC | E88: Minerals and Waste Local Plan Update | F88: M&W | G88: 2 | H88: 42522 | J88: 42600 | M88: 42601 | O88: 42703 | Q88: 42704 | X88: 14.5 | Y88: 2 | AA88: 1.5 | AB88: 0.5 | AD88: 11 | AE88: =AllPlans[[#This Row],[Prep days*]]+AllPlans[[#This Row],[Hearing days*]]+AllPlans[[#This Row],[SV days*]]+AllPlans[[#This Row],[Travel days]]+AllPlans[[#This Row],[Reptg days*]] -> 29.5 | AG88: 42830 | AI88: 42804 | AK88: 42815 | AM88: 42816 | AO88: 42823 | AQ88: 42917 | AU88: SOU | AV88: 31.857143 | AW88: =SUM(AO88-Q88)/7 -> 17 | AY88: E10000021 | AZ88: =TEXT(J88,"MMM YY") -> Aug 16 | BA88: =TEXT(AO88,"MMM YY") -> Mar 17
A89: NA | B89: 1757 | C89: E | D89: Castle Point | E89: Local Plan | F89: LP | G89: 3 | H89: 42506 | J89: 42607 | M89: 42607 | O89: 42716 | Q89: 42716 | X89: 9 | Y89: 2 | AA89: 0 | AB89: 0 | AD89: 7.5 | AE89: =AllPlans[[#This Row],[Prep days*]]+AllPlans[[#This Row],[Hearing days*]]+AllPlans[[#This Row],[SV days*]]+AllPlans[[#This Row],[Travel days]]+AllPlans[[#This Row],[Reptg days*]] -> 18.5 | AG89: 42809 | AJ89: n/a | AK89: 42795 | AM89: 42795 | AO89: 42804 | AU89: UNS | AV89: 28.142857 | AW89: =SUM(AO89-Q89)/7 -> 12.571429 | AY89: E07000069 | AZ89: =TEXT(J89,"MMM YY") -> Aug 16 | BA89: =TEXT(AO89,"MMM YY") -> Mar 17
A90: NA | B90: 1761 | C90: NW | D90: Cumbria CC | E90: Minerals & Waste LP | F90: M&W | G90: 3 | H90: 42513 | J90: 42621 | M90: 42622 | O90: 42703 | Q90: 42718 | X90: 24.01 | Y90: 5.5 | AA90: 5.52 | AB90: 1.9 | AD90: 12.63 | AE90: =AllPlans[[#This Row],[Prep days*]]+AllPlans[[#This Row],[Hearing days*]]+AllPlans[[#This Row],[SV days*]]+AllPlans[[#This Row],[Travel days]]+AllPlans[[#This Row],[Reptg days*]] -> 49.56 | AG90: 42908 | AI90: 42872 | AK90: 42893 | AM90: 42905 | AO90: 42915 | AQ90: 42984 | AU90: SOU | AV90: 42 | AW90: =SUM(AO90-Q90)/7 -> 28.142857 | AX90: Delay in issuing FC due to DCLG request | AY90: E10000006 | AZ90: =TEXT(J90,"MMM YY") -> Sep 16 | BA90: =TEXT(AO90,"MMM YY") -> Jun 17
A91: NA | B91: 1771 | C91: Lon | D91: Newham | E91: G&T Accom Development Plan | F91: Other | G91: 2 | H91: 42553 | J91: 42636 | M91: 42636 | O91: 42753 | Q91: 42754 | X91: 22.62 | Y91: 3.31 | AA91: 0.95 | AB91: 2.37 | AD91: 16.97 | AE91: =AllPlans[[#This Row],[Prep days*]]+AllPlans[[#This Row],[Hearing days*]]+AllPlans[[#This Row],[SV days*]]+AllPlans[[#This Row],[Travel days]]+AllPlans[[#This Row],[Reptg days*]] -> 46.22 | AG91: 42909 | AI91: 42871 | AK91: 42900 | AM91: 42905 | AO91: 42914 | AQ91: 42996 | AU91: SOU | AV91: 45.571429 | AW91: =SUM(AO91-Q91)/7 -> 22.857143 | AX91: Delay in issuing FC due to DCLG request | AY91: E09000025 | AZ91: =TEXT(J91,"MMM YY") -> Sep 16 | BA91: =TEXT(AO91,"MMM YY") -> Jun 17
A92: NA | B92: 1697 | C92: YH | D92: Leeds | E92: Aire Valley Leeds AAP | F92: AAP | G92: 2 | H92: 42269 | J92: 42636 | M92: 42636 | O92: 42759 | Q92: 42761 | X92: 12 | Y92: 2 | AB92: 2 | AD92: 12 | AE92: =AllPlans[[#This Row],[Prep days*]]+AllPlans[[#This Row],[Hearing days*]]+AllPlans[[#This Row],[SV days*]]+AllPlans[[#This Row],[Travel days]]+AllPlans[[#This Row],[Reptg days*]] -> 28 | AG92: 42949 | AI92: 42922 | AK92: 42940 | AM92: 42940 | AO92: 42955 | AQ92: 43047 | AU92: SOU | AV92: 39.714286 | AW92: =SUM(AO92-Q92)/7 -> 27.714286 | AY92: E08000035 | AZ92: =TEXT(J92,"MMM YY") -> Sep 16 | BA92: =TEXT(AO92,"MMM YY") -> Aug 17
A93: NA | B93: 1770 | C93: EM | D93: North West Leicestershire | E93: Local Plan | F93: LP | G93: 3 | H93: 42555 | J93: 42647 | M93: 42647 | O93: 42740 | Q93: 42816 | X93: 24.96 | Y93: 6.7 | AA93: 0.95 | AB93: 5.56 | AD93: 23.23 | AE93: =AllPlans[[#This Row],[Prep days*]]+AllPlans[[#This Row],[Hearing days*]]+AllPlans[[#This Row],[SV days*]]+AllPlans[[#This Row],[Travel days]]+AllPlans[[#This Row],[Reptg days*]] -> 61.4 | AG93: 43019 | AI93: 42977 | AK93: 43005 | AM93: 43005 | AO93: 43020 | AQ93: 43060 | AU93: SOU | AV93: 53.285714 | AW93: =SUM(AO93-Q93)/7 -> 29.142857 | AY93: E07000134 | AZ93: =TEXT(J93,"MMM YY") -> Oct 16 | BA93: =TEXT(AO93,"MMM YY") -> Oct 17
A94: NA | B94: 1765 | C94: EM | D94: Gedling | E94: Local Plan Part 2 | F94: SA | G94: 3 | H94: 42513 | J94: 42660 | M94: 42661 | O94: 42773 | Q94: 43074 | X94: 38.2 | Y94: 14.31 | AA94: 0.96 | AB94: 4.12 | AD94: 29.49 | AE94: =AllPlans[[#This Row],[Prep days*]]+AllPlans[[#This Row],[Hearing days*]]+AllPlans[[#This Row],[SV days*]]+AllPlans[[#This Row],[Travel days]]+AllPlans[[#This Row],[Reptg days*]] -> 87.08 | AG94: 43250 | AI94: 43235 | AK94: 43249 | AM94: 43250 | AO94: 43277 | AQ94: 43299 | AU94: SOU | AV94: 88.142857 | AW94: =SUM(AO94-Q94)/7 -> 29 | AY94: E07000173 | AZ94: =TEXT(J94,"MMM YY") -> Oct 16 | BA94: =TEXT(AO94,"MMM YY") -> Jun 18
A95: NA | B95: 995 | C95: SE | D95: Adur | E95: Local Plan | F95: LP | G95: 3 | H95: 42460 | J95: 42663 | M95: 42664 | O95: 42766 | Q95: 42774 | X95: 29.24 | Y95: 3.44 | AB95: 2.7 | AD95: 30.51 | AE95: =AllPlans[[#This Row],[Prep days*]]+AllPlans[[#This Row],[Hearing days*]]+AllPlans[[#This Row],[SV days*]]+AllPlans[[#This Row],[Travel days]]+AllPlans[[#This Row],[Reptg days*]] -> 65.89 | AG95: 43007 | AI95: 42977 | AK95: 42993 | AM95: 42993 | AO95: 43007 | AQ95: 43083 | AU95: SOU | AV95: 49.142857 | AW95: =SUM(AO95-Q95)/7 -> 33.285714 | AY95: E07000223 | AZ95: =TEXT(J95,"MMM YY") -> Oct 16 | BA95: =TEXT(AO95,"MMM YY") -> Sep 17
A96: NA | B96: 1673 | C96: SW | D96: South Gloucestershire | E96: Policies, Sites & Places Plan | F96: SA | G96: 3 | H96: 42572 | J96: 42688 | M96: 42688 | O96: 42773 | Q96: 42789 | X96: 25 | Y96: 4 | AB96: 2 | AD96: 20.06 | AE96: =AllPlans[[#This Row],[Prep days*]]+AllPlans[[#This Row],[Hearing days*]]+AllPlans[[#This Row],[SV days*]]+AllPlans[[#This Row],[Travel days]]+AllPlans[[#This Row],[Reptg days*]] -> 51.06 | AG96: 42991 | AI96: 42968 | AK96: 42967 | AM96: 42985 | AO96: 42999 | AQ96: 43047 | AU96: SOU | AV96: 44.428571 | AW96: =SUM(AO96-Q96)/7 -> 30 | AY96: E06000025 | AZ96: =TEXT(J96,"MMM YY") -> Nov 16 | BA96: =TEXT(AO96,"MMM YY") -> Sep 17
A97: NA | B97: 1758 | C97: E | D97: Norfolk CC | E97: Single Issue Silica Sand Review | F97: M&W | G97: 2 | H97: 42506 | J97: 42712 | M97: 42712 | O97: 42808 | Q97: 42809 | X97: 12.73 | Y97: 2.32 | AB97: 1.36 | AD97: 11.78 | AE97: =AllPlans[[#This Row],[Prep days*]]+AllPlans[[#This Row],[Hearing days*]]+AllPlans[[#This Row],[SV days*]]+AllPlans[[#This Row],[Travel days]]+AllPlans[[#This Row],[Reptg days*]] -> 28.19 | AG97: 43017 | AI97: 42983 | AK97: 43003 | AM97: 43003 | AO97: 43007 | AQ97: 43080 | AU97: SOU | AV97: 42.142857 | AW97: =SUM(AO97-Q97)/7 -> 28.285714 | AY97: E10000020 | AZ97: =TEXT(J97,"MMM YY") -> Dec 16 | BA97: =TEXT(AO97,"MMM YY") -> Sep 17
A98: NA | B98: 1782 | C98: NW | D98: Fylde | E98: Local Plan | F98: LP | G98: 3 | H98: 42593 | J98: 42713 | M98: 42713 | O98: 42822 | Q98: 43082 | X98: 33.23 | Y98: 8.21 | AB98: 3.87 | AD98: 43.37 | AE98: =AllPlans[[#This Row],[Prep days*]]+AllPlans[[#This Row],[Hearing days*]]+AllPlans[[#This Row],[SV days*]]+AllPlans[[#This Row],[Travel days]]+AllPlans[[#This Row],[Reptg days*]] -> 88.68 | AG98: 43368 | AI98: 43335 | AK98: 43350 | AM98: 43354 | AO98: 43362 | AQ98: 43395 | AU98: SOU | AV98: 92.714286 | AW98: =SUM(AO98-Q98)/7 -> 40 | AY98: E07000119 | AZ98: =TEXT(J98,"MMM YY") -> Dec 16 | BA98: =TEXT(AO98,"MMM YY") -> Sep 18
A99: NA | B99: 1744 | C99: EM | D99: Nottinghamshire County Council | E99: Minerals Plan | F99: M&W | G99: 2 | H99: 42415 | J99: 42719 | M99: 42719 | O99: 42913 | X99: 14.31 | Y99: 0 | AA99: 0.81 | AB99: 0.47 | AD99: 0 | AE99: =AllPlans[[#This Row],[Prep days*]]+AllPlans[[#This Row],[Hearing days*]]+AllPlans[[#This Row],[SV days*]]+AllPlans[[#This Row],[Travel days]]+AllPlans[[#This Row],[Reptg days*]] -> 15.59 | AS99: 42880 | AU99: DPDW | AV99: =DATEDIF(J99,AO99, "d")/7 -> #NUM! | AW99: =SUM(AO99-Q99)/7 -> 0 | AY99: LPA not known to MCLHG | AZ99: =TEXT(J99,"MMM YY") -> Dec 16 | BA99: =TEXT(AO99,"MMM YY") -> Jan 00
A100: NA | B100: 1767 | C100: YH | D100: Kingston upon Hull, City of | E100: Local Plan | F100: LP | G100: 3 | H100: 42541 | J100: 42720 | M100: 42720 | O100: 42807 | Q100: 42859 | X100: 35.15 | Y100: 8.23 | AA100: 1.63 | AB100: 2.77 | AD100: 24.79 | AE100: =AllPlans[[#This Row],[Prep days*]]+AllPlans[[#This Row],[Hearing days*]]+AllPlans[[#This Row],[SV days*]]+AllPlans[[#This Row],[Travel days]]+AllPlans[[#This Row],[Reptg days*]] -> 72.57 | AG100: 43010 | AI100: 42986 | AK100: 43005 | AM100: 43006 | AO100: 43012 | AQ100: 43062 | AU100: SOU | AV100: 41.714286 | AW100: =SUM(AO100-Q100)/7 -> 21.857143 | AY100: E06000010 | AZ100: =TEXT(J100,"MMM YY") -> Dec 16 | BA100: =TEXT(AO100,"MMM YY") -> Oct 17
...

Sheet Key
A1: Key
B2: Plan Completed/Finished | E2: NOTE: PLANS SUBMITTED FROM 25/10/2021 ONWARDS HAVE WORKSTAGE TIME COMPLETED AS PER INSPECTOR TIMESHEET DATA (NOT BASED ON INVOICES)
B3: Live Plan
B4: Withdrawn
B5: Plan Unsound

Sheet LPA Lookup
A1: ONSLPA | B1: ONSCode
A2: Aberdeen City | B2: S12000033
A3: Aberdeenshire | B3: S12000034
A4: Adur | B4: E07000223
A5: Allerdale | B5: E07000026
A6: Amber Valley | B6: E07000032
A7: Angus | B7: S12000041
A8: Antrim and Newtownabbey | B8: N09000001
A9: Ards and North Down | B9: N09000011
A10: Argyll and Bute | B10: S12000035
A11: Armagh City, Banbridge and Craigavon | B11: N09000002
A12: Arun | B12: E07000224
... A410: Yorkshire Dales National Park | B410: E26000012
A411: =C411&" CC" -> Buckinghamshire CC | B411: E10000002 | C411: Buckinghamshire
A412: =C412&" CC" -> Cambridgeshire CC | B412: E10000003 | C412: Cambridgeshire
A413: =C413&" CC" -> Cumbria CC | B413: E10000006 | C413: Cumbria
A414: =C414&" CC" -> Derbyshire CC | B414: E10000007 | C414: Derbyshire
A415: =C415&" CC" -> Devon CC | B415: E10000008 | C415: Devon
A416: =C416&" CC" -> Dorset CC | B416: E10000009 | C416: Dorset
A417: =C417&" CC" -> East Sussex CC | B417: E10000011 | C417: East Sussex
A418: =C418&" CC" -> Essex CC | B418: E10000012 | C418: Essex
A419: =C419&" CC" -> Gloucestershire CC | B419: E10000013 | C419: Gloucestershire
A420: =C420&" CC" -> Hampshire CC | B420: E10000014 | C420: Hampshire
A421: =C421&" CC" -> Hertfordshire CC | B421: E10000015 | C421: Hertfordshire
A422: =C422&" CC" -> Kent CC | B422: E10000016 | C422: Kent
... A437: =C437&" CC" -> Worcestershire CC | B437: E10000034 | C437: Worcestershire
A438: Babergh & Mid Suffolk | B438: JSP033 | C438: =A438&D438 -> Babergh & Mid Suffolk1966 | D438: 1966 | E438: =B438 -> JSP033
A439: Central Lancashire | B439: JSP002 | C439: =A439&D439 -> Central Lancashire842 | D439: 842 | E439: =B439 -> JSP002
A440: Central Lincolnshire | B440: JSP003 | C440: =A440&D440 -> Central Lincolnshire1753 | D440: 1753 | E440: =B440 -> JSP003
A441: Central Lincolnshire | B441: JSP031 | C441: =A441&D441 -> Central Lincolnshire1486 | D441: 1486 | E441: =B441 -> JSP031
A442: Chiltern and South Bucks | B442: JSP014 | C442: =A442&D442 -> Chiltern and South Bucks1940 | D442: 1940 | E442: =B442 -> JSP014
A443: Christchurch and East Dorset | B443: JSP014 | C443: =A443&D443 -> Christchurch and East Dorset398 | D443: 398 | E443: =B443 -> JSP014
A444: Devon JSP | B444: JSP005 | C444: =A444&D444 -> Devon JSP | E444: =B444 -> JSP005
A445: East Hampshire and South Downs National Park | B445: JSP006 | C445: =A445&D445 -> East Hampshire and South Downs National Park919 | D445: 919 | E445: =B445 -> JSP006
A446: Gloucester, Cheltenham and Tewkesbury | B446: JSP008 | C446: =A446&D446 -> Gloucester, Cheltenham and Tewkesbury1109 | D446: 1109 | E446: =B446 -> JSP008
A447: Gloucester, Cheltenham and Tewkesbury | B447: JSP026 | C447: =A447&D447 -> Gloucester, Cheltenham and Tewkesbury | E447: =B447 -> JSP026
A448: Greater Manchester Spatial | B448: JSP009 | C448: =A448&D448 -> Greater Manchester Spatial | E448: =B448 -> JSP009
A449: Greater Norwich Partnership | B449: JSP010 | C449: =A449&D449 -> Greater Norwich Partnership1055 | D449: 1055 | E449: =B449 -> JSP010
A450: Greater Norwich Partnership | B450: JSP011 | C450: =A450&D450 -> Greater Norwich Partnership1350 | D450: 1350 | E450: =B450 -> JSP011
A451: Greater Nottingham Aligned | B451: JSP012 | C451: =A451&D451 -> Greater Nottingham Aligned1052 | D451: 1052 | E451: =B451 -> JSP012
A452: Joint Black Country | B452: JSP013 | C452: =A452&D452 -> Joint Black Country766 | D452: 766 | E452: =B452 -> JSP013
A453: Joint Black Country | B453: JSP028 | C453: =A453&D453 -> Joint Black Country | E453: =B453 -> JSP028
A454: Lewes with South Downs National Park | B454: JSP015 | C454: =A454&D454 -> Lewes with South Downs National Park623 | D454: 623 | E454: =B454 -> JSP015
A455: Mid Sussex and South Downs National Park | B455: JSP016 | C455: =A455&D455 -> Mid Sussex and South Downs National Park47 | D455: 47 | E455: =B455 -> JSP016
A456: Newcastle / Gateshead | B456: JSP007 | C456: =A456&D456 -> Newcastle / Gateshead1501 | D456: 1501 | E456: =B456 -> JSP007
A457: Newcastle-Under-Lyme and Stoke On Trent | B457: JSP017 | C457: =A457&D457 -> Newcastle-Under-Lyme and Stoke On Trent550 | D457: 550 | E457: =B457 -> JSP017
A458: Newcastle-Under-Lyme and Stoke On Trent | B458: JSP029 | C458: =A458&D458 -> Newcastle-Under-Lyme and Stoke On Trent | E458: =B458 -> JSP029
A459: North Devon and Torridge | B459: JSP018 | C459: =A459&D459 -> North Devon and Torridge1585 | D459: 1585 | E459: =B459 -> JSP018
A460: North Northamptonshire | B460: JSP019 | C460: =A460&D460 -> North Northamptonshire1367 | D460: 1367 | E460: =B460 -> JSP019
A461: North Northamptonshire | B461: JSP032 | C461: =A461&D461 -> North Northamptonshire434 | D461: 434 | E461: =B461 -> JSP032
A462: Plymouth and South West Devon | B462: JSP020 | C462: =A462&D462 -> Plymouth and South West Devon1819 | D462: 1819 | E462: =B462 -> JSP020
A463: South East Lincs | B463: JSP021 | C463: =A463&D463 -> South East Lincs1833 | D463: 1833 | E463: =B463 -> JSP021
A464: South Worcestershire | B464: JSP022 | C464: =A464&D464 -> South Worcestershire | E464: =B464 -> JSP022
A465: South Worcestershire | B465: JSP030 | C465: =A465&D465 -> South Worcestershire1402 | D465: 1402 | E465: =B465 -> JSP030
A466: West Dorset, Weymouth and Portland | B466: JSP023 | C466: =A466&D466 -> West Dorset, Weymouth and Portland1319 | D466: 1319 | E466: =B466 -> JSP023
A467: West Northamptonshire | B467: JSP024 | C467: =A467&D467 -> West Northamptonshire803 | D467: 803 | E467: =B467 -> JSP024
A468: West of England | B468: JSP025 | C468: =A468&D468 -> West of England1873 | D468: 1873 | E468: =B468 -> JSP025
A469: Broadland, Norwich, S Norfolk | B469: JSP034 | C469: =A469&D469 -> Broadland, Norwich, S Norfolk2254 | D469: 2254 | E469: =B469 -> JSP034
A470: Greater Manchester | B470: JSP035 | E470: =B470 -> JSP035
A474: Central and Eastern Berkshire (Hampshire chargable LPA) | B474: E10000014
A475: South London Waste Plan (Sutton chargeable LPA) | B475: E09000029
A476: East Sussex, South Downs, and Brighton & Hove (E.Sussex chargeable LPA) | B476: E10000011

Sheet LPA
A1: LPA Code | B1: LPA Country | C1: LPA County | D1: LPA Governmental Office | E1: Average of LPA Latitude | F1: LPA Location | G1: Average of LPA Longitude | H1: LPA Name
A2: A0665 | B2: England | C2: Cheshire | D2: North West | E2: 53.163361 | F2: Cheshire, England | G2: -2.70298 | H2: Cheshire West and Chester
A3: A1015 | B3: England | C3: Derbyshire | D3: East Midlands | E3: 53.255749 | F3: Derbyshire, England | G3: -1.40115 | H3: Chesterfield Borough Council
A4: A1530 | B4: England | C4: Essex | D4: East of England | E4: 51.87701 | F4: Essex, England | G4: 0.85977602 | H4: Colchester Borough Council
A5: A1720 | B5: England | C5: Hampshire | D5: South East | E5: 50.853931 | F5: Hampshire, England | G5: -1.23742 | H5: Fareham Borough Council
A6: A1910 | B6: England | C6: Hertfordshire | D6: East of England | E6: 51.768452 | F6: Hertfordshire, England | G6: -0.55097997 | H6: Dacorum Borough Council
A7: A2280 | B7: England | C7: Kent | D7: South East | E7: 51.447708 | F7: Kent, England | G7: 0.563173 | H7: Medway Council
A8: A2335 | B8: England | C8: Lancashire | D8: North West | E8: 54.056198 | F8: Lancashire, England | G8: -2.6944499 | H8: Lancaster City Council
A9: A2470 | B9: England | C9: Leicestershire | D9: East Midlands | E9: 52.667648 | F9: Leicestershire, England | G9: -0.62629998 | H9: Rutland County Council
A10: A2525 | B10: England | C10: Lincolnshire | D10: East Midlands | E10: 52.787579 | F10: Lincolnshire, England | G10: -0.030579999 | H10: South Holland District Council
A11: A3010 | B11: England | C11: Nottinghamshire | D11: East Midlands | E11: 53.356041 | F11: Nottinghamshire, England | G11: -0.97869998 | H11: Bassetlaw District Council
A12: A3655 | B12: England | C12: Surrey | D12: South East | E12: 51.308369 | F12: Surrey, England | G12: -0.57981998 | H12: Woking Borough Council
A13: A4520 | B13: England | C13: Tyne And Wear | D13: North East | E13: 54.969879 | F13: Tyne And Wear, England | G13: -1.44696 | H13: South Tyneside Council
... A360: Z6950 | B360: Wales | C360: NA | D360: NA | E360: 51.44838 | F360: NA, Wales | G360: -3.39803 | H360: Vale of Glamorgan County Borough Council

Sheet MiPINS-SQL
A1: Category | B1: Type | C1: Procedure | D1: LPA Code | E1: LPA name | F1: appeal_reference_number | G1: Rejected or Withdrawn | H1: appeal_withdrawn_date | I1: Visit type | J1: Appellant | K1: site_address_postcode | L1: Revieved date | M1: Valid date | N1: Start Date | O1: Event Date | P1: Decision Date | Q1: Decision | R1: Open or closed | S1: linked | T1: Level
A2: =IF(ISBLANK('Master Submitted DPDs'!#REF!),"","Local Plans") -> Local Plans | B2: =IF(ISBLANK('Master Submitted DPDs'!#REF!),"",'Master Submitted DPDs'!#REF!) -> #REF! | C2: =IF(ISBLANK('Master Submitted DPDs'!#REF!),"","IH") -> IH | D2: =LOOKUP($F2,'fuzzy LPA lookup'!$E:$E,'fuzzy LPA lookup'!$A:$A) -> #REF! | E2: =LOOKUP($F2,'fuzzy LPA lookup'!$E:$E,'fuzzy LPA lookup'!$D:$D) -> #REF! | F2: =IF(ISBLANK('Master Submitted DPDs'!#REF!),"",'Master Submitted DPDs'!#REF!) -> #REF! | G2: =IF(ISBLANK('Master Submitted DPDs'!#REF!),"","Withdrawn") -> Withdrawn | H2: =IF(ISBLANK('Master Submitted DPDs'!#REF!),"",'Master Submitted DPDs'!#REF!) -> #REF! | L2: =IF(ISBLANK('Master Submitted DPDs'!#REF!),"",'Master Submitted DPDs'!#REF!) -> #REF! | M2: =L2 -> #REF! | N2: =IF(ISBLANK('Master Submitted DPDs'!#REF!),IF(ISBLANK('Master Submitted DPDs'!#REF!),"",'Master Submitted DPDs'!#REF!),'Master Submitted DPDs'!#REF!) -> #REF! | O2: =IF(ISBLANK('Master Submitted DPDs'!#REF!),"",'Master Submitted DPDs'!#REF!) -> #REF! | P2: =IF(ISBLANK('Master Submitted DPDs'!#REF!),"",'Master Submitted DPDs'!#REF!) -> #REF! | Q2: =IF(ISBLANK('Master Submitted DPDs'!#REF!),"",'Master Submitted DPDs'!#REF!) -> #REF! | R2: =IF(F2="","",IF(AND(H2="",Q2<>"UNS",P2=""),"Open","Closed")) -> #REF! | T2: =IF(ISBLANK('Master Submitted DPDs'!#REF!),"",'Master Submitted DPDs'!#REF!) -> #REF!
A3: =IF(ISBLANK('Master Submitted DPDs'!#REF!),"","Local Plans") -> Local Plans | B3: =IF(ISBLANK('Master Submitted DPDs'!#REF!),"",'Master Submitted DPDs'!#REF!) -> #REF! | C3: =IF(ISBLANK('Master Submitted DPDs'!#REF!),"","IH") -> IH | D3: =LOOKUP($F3,'fuzzy LPA lookup'!$E:$E,'fuzzy LPA lookup'!$A:$A) -> #REF! | E3: =LOOKUP($F3,'fuzzy LPA lookup'!$E:$E,'fuzzy LPA lookup'!$D:$D) -> #REF! | F3: =IF(ISBLANK('Master Submitted DPDs'!#REF!),"",'Master Submitted DPDs'!#REF!) -> #REF! | G3: =IF(ISBLANK('Master Submitted DPDs'!#REF!),"","Withdrawn") -> Withdrawn | H3: =IF(ISBLANK('Master Submitted DPDs'!#REF!),"",'Master Submitted DPDs'!#REF!) -> #REF! | L3: =IF(ISBLANK('Master Submitted DPDs'!#REF!),"",'Master Submitted DPDs'!#REF!) -> #REF! | M3: =L3 -> #REF! | N3: =IF(ISBLANK('Master Submitted DPDs'!#REF!),IF(ISBLANK('Master Submitted DPDs'!#REF!),"",'Master Submitted DPDs'!#REF!),'Master Submitted DPDs'!#REF!) -> #REF! | O3: =IF(ISBLANK('Master Submitted DPDs'!#REF!),"",'Master Submitted DPDs'!#REF!) -> #REF! | P3: =IF(ISBLANK('Master Submitted DPDs'!#REF!),"",'Master Submitted DPDs'!#REF!) -> #REF! | Q3: =IF(ISBLANK('Master Submitted DPDs'!#REF!),"",'Master Submitted DPDs'!#REF!) -> #REF! | R3: =IF(F3="","",IF(AND(H3="",Q3<>"UNS",P3=""),"Open","Closed")) -> #REF! | T3: =IF(ISBLANK('Master Submitted DPDs'!#REF!),"",'Master Submitted DPDs'!#REF!) -> #REF!
A4: =IF(ISBLANK('Master Submitted DPDs'!#REF!),"","Local Plans") -> Local Plans | B4: =IF(ISBLANK('Master Submitted DPDs'!#REF!),"",'Master Submitted DPDs'!#REF!) -> #REF! | C4: =IF(ISBLANK('Master Submitted DPDs'!#REF!),"","IH") -> IH | D4: =LOOKUP($F4,'fuzzy LPA lookup'!$E:$E,'fuzzy LPA lookup'!$A:$A) -> #REF! | E4: =LOOKUP($F4,'fuzzy LPA lookup'!$E:$E,'fuzzy LPA lookup'!$D:$D) -> #REF! | F4: =IF(ISBLANK('Master Submitted DPDs'!#REF!),"",'Master Submitted DPDs'!#REF!) -> #REF! | G4: =IF(ISBLANK('Master Submitted DPDs'!#REF!),"","Withdrawn") -> Withdrawn | H4: =IF(ISBLANK('Master Submitted DPDs'!#REF!),"",'Master Submitted DPDs'!#REF!) -> #REF! | L4: =IF(ISBLANK('Master Submitted DPDs'!#REF!),"",'Master Submitted DPDs'!#REF!) -> #REF! | M4: =L4 -> #REF! | N4: =IF(ISBLANK('Master Submitted DPDs'!#REF!),IF(ISBLANK('Master Submitted DPDs'!#REF!),"",'Master Submitted DPDs'!#REF!),'Master Submitted DPDs'!#REF!) -> #REF! | O4: =IF(ISBLANK('Master Submitted DPDs'!#REF!),"",'Master Submitted DPDs'!#REF!) -> #REF! | P4: =IF(ISBLANK('Master Submitted DPDs'!#REF!),"",'Master Submitted DPDs'!#REF!) -> #REF! | Q4: =IF(ISBLANK('Master Submitted DPDs'!#REF!),"",'Master Submitted DPDs'!#REF!) -> #REF! | R4: =IF(F4="","",IF(AND(H4="",Q4<>"UNS",P4=""),"Open","Closed")) -> #REF! | T4: =IF(ISBLANK('Master Submitted DPDs'!#REF!),"",'Master Submitted DPDs'!#REF!) -> #REF!
A5: =IF(ISBLANK('Master Submitted DPDs'!#REF!),"","Local Plans") -> Local Plans | B5: =IF(ISBLANK('Master Submitted DPDs'!#REF!),"",'Master Submitted DPDs'!#REF!) -> #REF! | C5: =IF(ISBLANK('Master Submitted DPDs'!#REF!),"","IH") -> IH | D5: =LOOKUP($F5,'fuzzy LPA lookup'!$E:$E,'fuzzy LPA lookup'!$A:$A) -> #REF! | E5: =LOOKUP($F5,'fuzzy LPA lookup'!$E:$E,'fuzzy LPA lookup'!$D:$D) -> #REF! | F5: =IF(ISBLANK('Master Submitted DPDs'!#REF!),"",'Master Submitted DPDs'!#REF!) -> #REF! | G5: =IF(ISBLANK('Master Submitted DPDs'!#REF!),"","Withdrawn") -> Withdrawn | H5: =IF(ISBLANK('Master Submitted DPDs'!#REF!),"",'Master Submitted DPDs'!#REF!) -> #REF! | L5: =IF(ISBLANK('Master Submitted DPDs'!#REF!),"",'Master Submitted DPDs'!#REF!) -> #REF! | M5: =L5 -> #REF! | N5: =IF(ISBLANK('Master Submitted DPDs'!#REF!),IF(ISBLANK('Master Submitted DPDs'!#REF!),"",'Master Submitted DPDs'!#REF!),'Master Submitted DPDs'!#REF!) -> #REF! | O5: =IF(ISBLANK('Master Submitted DPDs'!#REF!),"",'Master Submitted DPDs'!#REF!) -> #REF! | P5: =IF(ISBLANK('Master Submitted DPDs'!#REF!),"",'Master Submitted DPDs'!#REF!) -> #REF! | Q5: =IF(ISBLANK('Master Submitted DPDs'!#REF!),"",'Master Submitted DPDs'!#REF!) -> #REF! | R5: =IF(F5="","",IF(AND(H5="",Q5<>"UNS",P5=""),"Open","Closed")) -> #REF! | T5: =IF(ISBLANK('Master Submitted DPDs'!#REF!),"",'Master Submitted DPDs'!#REF!) -> #REF!
A6: =IF(ISBLANK('Master Submitted DPDs'!#REF!),"","Local Plans") -> Local Plans | B6: =IF(ISBLANK('Master Submitted DPDs'!#REF!),"",'Master Submitted DPDs'!#REF!) -> #REF! | C6: =IF(ISBLANK('Master Submitted DPDs'!#REF!),"","IH") -> IH | D6: =LOOKUP($F6,'fuzzy LPA lookup'!$E:$E,'fuzzy LPA lookup'!$A:$A) -> #REF! | E6: =LOOKUP($F6,'fuzzy LPA lookup'!$E:$E,'fuzzy LPA lookup'!$D:$D) -> #REF! | F6: =IF(ISBLANK('Master Submitted DPDs'!#REF!),"",'Master Submitted DPDs'!#REF!) -> #REF! | G6: =IF(ISBLANK('Master Submitted DPDs'!#REF!),"","Withdrawn") -> Withdrawn | H6: =IF(ISBLANK('Master Submitted DPDs'!#REF!),"",'Master Submitted DPDs'!#REF!) -> #REF! | L6: =IF(ISBLANK('Master Submitted DPDs'!#REF!),"",'Master Submitted DPDs'!#REF!) -> #REF! | M6: =L6 -> #REF! | N6: =IF(ISBLANK('Master Submitted DPDs'!#REF!),IF(ISBLANK('Master Submitted DPDs'!#REF!),"",'Master Submitted DPDs'!#REF!),'Master Submitted DPDs'!#REF!) -> #REF! | O6: =IF(ISBLANK('Master Submitted DPDs'!#REF!),"",'Master Submitted DPDs'!#REF!) -> #REF! | P6: =IF(ISBLANK('Master Submitted DPDs'!#REF!),"",'Master Submitted DPDs'!#REF!) -> #REF! | Q6: =IF(ISBLANK('Master Submitted DPDs'!#REF!),"",'Master Submitted DPDs'!#REF!) -> #REF! | R6: =IF(F6="","",IF(AND(H6="",Q6<>"UNS",P6=""),"Open","Closed")) -> #REF! | T6: =IF(ISBLANK('Master Submitted DPDs'!#REF!),"",'Master Submitted DPDs'!#REF!) -> #REF!
A7: =IF(ISBLANK('Master Submitted DPDs'!#REF!),"","Local Plans") -> Local Plans | B7: =IF(ISBLANK('Master Submitted DPDs'!#REF!),"",'Master Submitted DPDs'!#REF!) -> #REF! | C7: =IF(ISBLANK('Master Submitted DPDs'!#REF!),"","IH") -> IH | D7: =LOOKUP($F7,'fuzzy LPA lookup'!$E:$E,'fuzzy LPA lookup'!$A:$A) -> #REF! | E7: =LOOKUP($F7,'fuzzy LPA lookup'!$E:$E,'fuzzy LPA lookup'!$D:$D) -> #REF! | F7: =IF(ISBLANK('Master Submitted DPDs'!#REF!),"",'Master Submitted DPDs'!#REF!) -> #REF! | G7: =IF(ISBLANK('Master Submitted DPDs'!#REF!),"","Withdrawn") -> Withdrawn | H7: =IF(ISBLANK('Master Submitted DPDs'!#REF!),"",'Master Submitted DPDs'!#REF!) -> #REF! | L7: =IF(ISBLANK('Master Submitted DPDs'!#REF!),"",'Master Submitted DPDs'!#REF!) -> #REF! | M7: =L7 -> #REF! | N7: =IF(ISBLANK('Master Submitted DPDs'!#REF!),IF(ISBLANK('Master Submitted DPDs'!#REF!),"",'Master Submitted DPDs'!#REF!),'Master Submitted DPDs'!#REF!) -> #REF! | O7: =IF(ISBLANK('Master Submitted DPDs'!#REF!),"",'Master Submitted DPDs'!#REF!) -> #REF! | P7: =IF(ISBLANK('Master Submitted DPDs'!#REF!),"",'Master Submitted DPDs'!#REF!) -> #REF! | Q7: =IF(ISBLANK('Master Submitted DPDs'!#REF!),"",'Master Submitted DPDs'!#REF!) -> #REF! | R7: =IF(F7="","",IF(AND(H7="",Q7<>"UNS",P7=""),"Open","Closed")) -> #REF! | T7: =IF(ISBLANK('Master Submitted DPDs'!#REF!),"",'Master Submitted DPDs'!#REF!) -> #REF!
A8: =IF(ISBLANK('Master Submitted DPDs'!#REF!),"","Local Plans") -> Local Plans | B8: =IF(ISBLANK('Master Submitted DPDs'!#REF!),"",'Master Submitted DPDs'!#REF!) -> #REF! | C8: =IF(ISBLANK('Master Submitted DPDs'!#REF!),"","IH") -> IH | D8: =LOOKUP($F8,'fuzzy LPA lookup'!$E:$E,'fuzzy LPA lookup'!$A:$A) -> #REF! | E8: =LOOKUP($F8,'fuzzy LPA lookup'!$E:$E,'fuzzy LPA lookup'!$D:$D) -> #REF! | F8: =IF(ISBLANK('Master Submitted DPDs'!#REF!),"",'Master Submitted DPDs'!#REF!) -> #REF! | G8: =IF(ISBLANK('Master Submitted DPDs'!#REF!),"","Withdrawn") -> Withdrawn | H8: =IF(ISBLANK('Master Submitted DPDs'!#REF!),"",'Master Submitted DPDs'!#REF!) -> #REF! | L8: =IF(ISBLANK('Master Submitted DPDs'!#REF!),"",'Master Submitted DPDs'!#REF!) -> #REF! | M8: =L8 -> #REF! | N8: =IF(ISBLANK('Master Submitted DPDs'!#REF!),IF(ISBLANK('Master Submitted DPDs'!#REF!),"",'Master Submitted DPDs'!#REF!),'Master Submitted DPDs'!#REF!) -> #REF! | O8: =IF(ISBLANK('Master Submitted DPDs'!#REF!),"",'Master Submitted DPDs'!#REF!) -> #REF! | P8: =IF(ISBLANK('Master Submitted DPDs'!#REF!),"",'Master Submitted DPDs'!#REF!) -> #REF! | Q8: =IF(ISBLANK('Master Submitted DPDs'!#REF!),"",'Master Submitted DPDs'!#REF!) -> #REF! | R8: =IF(F8="","",IF(AND(H8="",Q8<>"UNS",P8=""),"Open","Closed")) -> #REF! | T8: =IF(ISBLANK('Master Submitted DPDs'!#REF!),"",'Master Submitted DPDs'!#REF!) -> #REF!
A9: =IF(ISBLANK('Master Submitted DPDs'!#REF!),"","Local Plans") -> Local Plans | B9: =IF(ISBLANK('Master Submitted DPDs'!#REF!),"",'Master Submitted DPDs'!#REF!) -> #REF! | C9: =IF(ISBLANK('Master Submitted DPDs'!#REF!),"","IH") -> IH | D9: =LOOKUP($F9,'fuzzy LPA lookup'!$E:$E,'fuzzy LPA lookup'!$A:$A) -> #REF! | E9: =LOOKUP($F9,'fuzzy LPA lookup'!$E:$E,'fuzzy LPA lookup'!$D:$D) -> #REF! | F9: =IF(ISBLANK('Master Submitted DPDs'!#REF!),"",'Master Submitted DPDs'!#REF!) -> #REF! | G9: =IF(ISBLANK('Master Submitted DPDs'!#REF!),"","Withdrawn") -> Withdrawn | H9: =IF(ISBLANK('Master Submitted DPDs'!#REF!),"",'Master Submitted DPDs'!#REF!) -> #REF! | L9: =IF(ISBLANK('Master Submitted DPDs'!#REF!),"",'Master Submitted DPDs'!#REF!) -> #REF! | M9: =L9 -> #REF! | N9: =IF(ISBLANK('Master Submitted DPDs'!#REF!),IF(ISBLANK('Master Submitted DPDs'!#REF!),"",'Master Submitted DPDs'!#REF!),'Master Submitted DPDs'!#REF!) -> #REF! | O9: =IF(ISBLANK('Master Submitted DPDs'!#REF!),"",'Master Submitted DPDs'!#REF!) -> #REF! | P9: =IF(ISBLANK('Master Submitted DPDs'!#REF!),"",'Master Submitted DPDs'!#REF!) -> #REF! | Q9: =IF(ISBLANK('Master Submitted DPDs'!#REF!),"",'Master Submitted DPDs'!#REF!) -> #REF! | R9: =IF(F9="","",IF(AND(H9="",Q9<>"UNS",P9=""),"Open","Closed")) -> #REF! | T9: =IF(ISBLANK('Master Submitted DPDs'!#REF!),"",'Master Submitted DPDs'!#REF!) -> #REF!
A10: =IF(ISBLANK('Master Submitted DPDs'!#REF!),"","Local Plans") -> Local Plans | B10: =IF(ISBLANK('Master Submitted DPDs'!#REF!),"",'Master Submitted DPDs'!#REF!) -> #REF! | C10: =IF(ISBLANK('Master Submitted DPDs'!#REF!),"","IH") -> IH | D10: =LOOKUP($F10,'fuzzy LPA lookup'!$E:$E,'fuzzy LPA lookup'!$A:$A) -> #REF! | E10: =LOOKUP($F10,'fuzzy LPA lookup'!$E:$E,'fuzzy LPA lookup'!$D:$D) -> #REF! | F10: =IF(ISBLANK('Master Submitted DPDs'!#REF!),"",'Master Submitted DPDs'!#REF!) -> #REF! | G10: =IF(ISBLANK('Master Submitted DPDs'!#REF!),"","Withdrawn") -> Withdrawn | H10: =IF(ISBLANK('Master Submitted DPDs'!#REF!),"",'Master Submitted DPDs'!#REF!) -> #REF! | L10: =IF(ISBLANK('Master Submitted DPDs'!#REF!),"",'Master Submitted DPDs'!#REF!) -> #REF! | M10: =L10 -> #REF! | N10: =IF(ISBLANK('Master Submitted DPDs'!#REF!),IF(ISBLANK('Master Submitted DPDs'!#REF!),"",'Master Submitted DPDs'!#REF!),'Master Submitted DPDs'!#REF!) -> #REF! | O10: =IF(ISBLANK('Master Submitted DPDs'!#REF!),"",'Master Submitted DPDs'!#REF!) -> #REF! | P10: =IF(ISBLANK('Master Submitted DPDs'!#REF!),"",'Master Submitted DPDs'!#REF!) -> #REF! | Q10: =IF(ISBLANK('Master Submitted DPDs'!#REF!),"",'Master Submitted DPDs'!#REF!) -> #REF! | R10: =IF(F10="","",IF(AND(H10="",Q10<>"UNS",P10=""),"Open","Closed")) -> #REF! | T10: =IF(ISBLANK('Master Submitted DPDs'!#REF!),"",'Master Submitted DPDs'!#REF!) -> #REF!
A11: =IF(ISBLANK('Master Submitted DPDs'!#REF!),"","Local Plans") -> Local Plans | B11: =IF(ISBLANK('Master Submitted DPDs'!#REF!),"",'Master Submitted DPDs'!#REF!) -> #REF! | C11: =IF(ISBLANK('Master Submitted DPDs'!#REF!),"","IH") -> IH | D11: =LOOKUP($F11,'fuzzy LPA lookup'!$E:$E,'fuzzy LPA lookup'!$A:$A) -> #REF! | E11: =LOOKUP($F11,'fuzzy LPA lookup'!$E:$E,'fuzzy LPA lookup'!$D:$D) -> #REF! | F11: =IF(ISBLANK('Master Submitted DPDs'!#REF!),"",'Master Submitted DPDs'!#REF!) -> #REF! | G11: =IF(ISBLANK('Master Submitted DPDs'!#REF!),"","Withdrawn") -> Withdrawn | H11: =IF(ISBLANK('Master Submitted DPDs'!#REF!),"",'Master Submitted DPDs'!#REF!) -> #REF! | L11: =IF(ISBLANK('Master Submitted DPDs'!#REF!),"",'Master Submitted DPDs'!#REF!) -> #REF! | M11: =L11 -> #REF! | N11: =IF(ISBLANK('Master Submitted DPDs'!#REF!),IF(ISBLANK('Master Submitted DPDs'!#REF!),"",'Master Submitted DPDs'!#REF!),'Master Submitted DPDs'!#REF!) -> #REF! | O11: =IF(ISBLANK('Master Submitted DPDs'!#REF!),"",'Master Submitted DPDs'!#REF!) -> #REF! | P11: =IF(ISBLANK('Master Submitted DPDs'!#REF!),"",'Master Submitted DPDs'!#REF!) -> #REF! | Q11: =IF(ISBLANK('Master Submitted DPDs'!#REF!),"",'Master Submitted DPDs'!#REF!) -> #REF! | R11: =IF(F11="","",IF(AND(H11="",Q11<>"UNS",P11=""),"Open","Closed")) -> #REF! | T11: =IF(ISBLANK('Master Submitted DPDs'!#REF!),"",'Master Submitted DPDs'!#REF!) -> #REF!
A12: =IF(ISBLANK('Master Submitted DPDs'!#REF!),"","Local Plans") -> Local Plans | B12: =IF(ISBLANK('Master Submitted DPDs'!#REF!),"",'Master Submitted DPDs'!#REF!) -> #REF! | C12: =IF(ISBLANK('Master Submitted DPDs'!#REF!),"","IH") -> IH | D12: =LOOKUP($F12,'fuzzy LPA lookup'!$E:$E,'fuzzy LPA lookup'!$A:$A) -> #REF! | E12: =LOOKUP($F12,'fuzzy LPA lookup'!$E:$E,'fuzzy LPA lookup'!$D:$D) -> #REF! | F12: =IF(ISBLANK('Master Submitted DPDs'!#REF!),"",'Master Submitted DPDs'!#REF!) -> #REF! | G12: =IF(ISBLANK('Master Submitted DPDs'!#REF!),"","Withdrawn") -> Withdrawn | H12: =IF(ISBLANK('Master Submitted DPDs'!#REF!),"",'Master Submitted DPDs'!#REF!) -> #REF! | L12: =IF(ISBLANK('Master Submitted DPDs'!#REF!),"",'Master Submitted DPDs'!#REF!) -> #REF! | M12: =L12 -> #REF! | N12: =IF(ISBLANK('Master Submitted DPDs'!#REF!),IF(ISBLANK('Master Submitted DPDs'!#REF!),"",'Master Submitted DPDs'!#REF!),'Master Submitted DPDs'!#REF!) -> #REF! | O12: =IF(ISBLANK('Master Submitted DPDs'!#REF!),"",'Master Submitted DPDs'!#REF!) -> #REF! | P12: =IF(ISBLANK('Master Submitted DPDs'!#REF!),"",'Master Submitted DPDs'!#REF!) -> #REF! | Q12: =IF(ISBLANK('Master Submitted DPDs'!#REF!),"",'Master Submitted DPDs'!#REF!) -> #REF! | R12: =IF(F12="","",IF(AND(H12="",Q12<>"UNS",P12=""),"Open","Closed")) -> #REF! | T12: =IF(ISBLANK('Master Submitted DPDs'!#REF!),"",'Master Submitted DPDs'!#REF!) -> #REF!
A13: =IF(ISBLANK('Master Submitted DPDs'!#REF!),"","Local Plans") -> Local Plans | B13: =IF(ISBLANK('Master Submitted DPDs'!#REF!),"",'Master Submitted DPDs'!#REF!) -> #REF! | C13: =IF(ISBLANK('Master Submitted DPDs'!#REF!),"","IH") -> IH | D13: =LOOKUP($F13,'fuzzy LPA lookup'!$E:$E,'fuzzy LPA lookup'!$A:$A) -> #REF! | E13: =LOOKUP($F13,'fuzzy LPA lookup'!$E:$E,'fuzzy LPA lookup'!$D:$D) -> #REF! | F13: =IF(ISBLANK('Master Submitted DPDs'!#REF!),"",'Master Submitted DPDs'!#REF!) -> #REF! | G13: =IF(ISBLANK('Master Submitted DPDs'!#REF!),"","Withdrawn") -> Withdrawn | H13: =IF(ISBLANK('Master Submitted DPDs'!#REF!),"",'Master Submitted DPDs'!#REF!) -> #REF! | L13: =IF(ISBLANK('Master Submitted DPDs'!#REF!),"",'Master Submitted DPDs'!#REF!) -> #REF! | M13: =L13 -> #REF! | N13: =IF(ISBLANK('Master Submitted DPDs'!#REF!),IF(ISBLANK('Master Submitted DPDs'!#REF!),"",'Master Submitted DPDs'!#REF!),'Master Submitted DPDs'!#REF!) -> #REF! | O13: =IF(ISBLANK('Master Submitted DPDs'!#REF!),"",'Master Submitted DPDs'!#REF!) -> #REF! | P13: =IF(ISBLANK('Master Submitted DPDs'!#REF!),"",'Master Submitted DPDs'!#REF!) -> #REF! | Q13: =IF(ISBLANK('Master Submitted DPDs'!#REF!),"",'Master Submitted DPDs'!#REF!) -> #REF! | R13: =IF(F13="","",IF(AND(H13="",Q13<>"UNS",P13=""),"Open","Closed")) -> #REF! | T13: =IF(ISBLANK('Master Submitted DPDs'!#REF!),"",'Master Submitted DPDs'!#REF!) -> #REF!
... A679: =IF(ISBLANK('Master Submitted DPDs'!#REF!),"","Local Plans") -> Local Plans | B679: =IF(ISBLANK('Master Submitted DPDs'!#REF!),"",'Master Submitted DPDs'!#REF!) -> #REF! | C679: =IF(ISBLANK('Master Submitted DPDs'!#REF!),"","IH") -> IH | D679: =LOOKUP($F679,'fuzzy LPA lookup'!$E:$E,'fuzzy LPA lookup'!$A:$A) -> #REF! | E679: =LOOKUP($F679,'fuzzy LPA lookup'!$E:$E,'fuzzy LPA lookup'!$D:$D) -> #REF! | F679: =IF(ISBLANK('Master Submitted DPDs'!#REF!),"",'Master Submitted DPDs'!#REF!) -> #REF! | G679: =IF(ISBLANK('Master Submitted DPDs'!#REF!),"","Withdrawn") -> Withdrawn | H679: =IF(ISBLANK('Master Submitted DPDs'!#REF!),"",'Master Submitted DPDs'!#REF!) -> #REF! | L679: =IF(ISBLANK('Master Submitted DPDs'!#REF!),"",'Master Submitted DPDs'!#REF!) -> #REF! | M679: =L679 -> #REF! | N679: =IF(ISBLANK('Master Submitted DPDs'!#REF!),IF(ISBLANK('Master Submitted DPDs'!#REF!),"",'Master Submitted DPDs'!#REF!),'Master Submitted DPDs'!#REF!) -> #REF! | O679: =IF(ISBLANK('Master Submitted DPDs'!#REF!),"",'Master Submitted DPDs'!#REF!) -> #REF! | P679: =IF(ISBLANK('Master Submitted DPDs'!#REF!),"",'Master Submitted DPDs'!#REF!) -> #REF! | Q679: =IF(ISBLANK('Master Submitted DPDs'!#REF!),"",'Master Submitted DPDs'!#REF!) -> #REF! | R679: =IF(F679="","",IF(AND(H679="",Q679<>"UNS",P679=""),"Open","Closed")) -> #REF! | T679: =IF(ISBLANK('Master Submitted DPDs'!#REF!),"",'Master Submitted DPDs'!#REF!) -> #REF!
A680: =IF(ISBLANK('Master Submitted DPDs'!#REF!),"","Local Plans") -> Local Plans | B680: =IF(ISBLANK('Master Submitted DPDs'!F2),"",'Master Submitted DPDs'!F2) -> LP | C680: =IF(ISBLANK('Master Submitted DPDs'!$B2),"","IH") -> IH | D680: =LOOKUP($F680,'fuzzy LPA lookup'!$E:$E,'fuzzy LPA lookup'!$A:$A) -> T3725 | E680: =LOOKUP($F680,'fuzzy LPA lookup'!$E:$E,'fuzzy LPA lookup'!$D:$D) -> Warwick District Council | F680: =IF(ISBLANK('Master Submitted DPDs'!B2),"",'Master Submitted DPDs'!B2) -> 1570 | G680: =IF(ISBLANK('Master Submitted DPDs'!AS2),"","Withdrawn") | H680: =IF(ISBLANK('Master Submitted DPDs'!AS2),"",'Master Submitted DPDs'!AS2) | L680: =IF(ISBLANK('Master Submitted DPDs'!J2),"",'Master Submitted DPDs'!J2) -> 42034 | M680: =L680 -> 42034 | N680: =IF(ISBLANK('Master Submitted DPDs'!M2),IF(ISBLANK('Master Submitted DPDs'!O2),"",'Master Submitted DPDs'!O2),'Master Submitted DPDs'!M2) -> 42034 | O680: =IF(ISBLANK('Master Submitted DPDs'!Q2),"",'Master Submitted DPDs'!Q2) -> 42719 | P680: =IF(ISBLANK('Master Submitted DPDs'!AO2),"",'Master Submitted DPDs'!AO2) -> 42944 | Q680: =IF(ISBLANK('Master Submitted DPDs'!AU2),"",'Master Submitted DPDs'!AU2) -> SOU | R680: =IF(F680="","",IF(AND(H680="",Q680<>"UNS",P680=""),"Open","Closed")) -> Closed | T680: =IF(ISBLANK('Master Submitted DPDs'!G2),"",'Master Submitted DPDs'!G2) -> B
A681: =IF(ISBLANK('Master Submitted DPDs'!#REF!),"","Local Plans") -> Local Plans | B681: =IF(ISBLANK('Master Submitted DPDs'!F3),"",'Master Submitted DPDs'!F3) -> LP | C681: =IF(ISBLANK('Master Submitted DPDs'!$B3),"","IH") -> IH | D681: =LOOKUP($F681,'fuzzy LPA lookup'!$E:$E,'fuzzy LPA lookup'!$A:$A) -> X1355 | E681: =LOOKUP($F681,'fuzzy LPA lookup'!$E:$E,'fuzzy LPA lookup'!$D:$D) -> Durham County Council | F681: =IF(ISBLANK('Master Submitted DPDs'!B3),"",'Master Submitted DPDs'!B3) -> 1089 | G681: =IF(ISBLANK('Master Submitted DPDs'!AS3),"","Withdrawn") | H681: =IF(ISBLANK('Master Submitted DPDs'!AS3),"",'Master Submitted DPDs'!AS3) | L681: =IF(ISBLANK('Master Submitted DPDs'!J3),"",'Master Submitted DPDs'!J3) -> 42034 | M681: =L681 -> 42034 | N681: =IF(ISBLANK('Master Submitted DPDs'!M3),IF(ISBLANK('Master Submitted DPDs'!O3),"",'Master Submitted DPDs'!O3),'Master Submitted DPDs'!M3) -> 42034 | O681: =IF(ISBLANK('Master Submitted DPDs'!Q3),"",'Master Submitted DPDs'!Q3) -> 43006 | P681: =IF(ISBLANK('Master Submitted DPDs'!AO3),"",'Master Submitted DPDs'!AO3) -> 43285 | Q681: =IF(ISBLANK('Master Submitted DPDs'!AU3),"",'Master Submitted DPDs'!AU3) -> SOU | R681: =IF(F681="","",IF(AND(H681="",Q681<>"UNS",P681=""),"Open","Closed")) -> Closed | T681: =IF(ISBLANK('Master Submitted DPDs'!G3),"",'Master Submitted DPDs'!G3) -> A
A682: =IF(ISBLANK('Master Submitted DPDs'!#REF!),"","Local Plans") -> Local Plans | B682: =IF(ISBLANK('Master Submitted DPDs'!F4),"",'Master Submitted DPDs'!F4) -> LP | C682: =IF(ISBLANK('Master Submitted DPDs'!$B4),"","IH") -> IH | D682: =LOOKUP($F682,'fuzzy LPA lookup'!$E:$E,'fuzzy LPA lookup'!$A:$A) -> M9584 | E682: =LOOKUP($F682,'fuzzy LPA lookup'!$E:$E,'fuzzy LPA lookup'!$D:$D) -> London Legacy Development Corporation | F682: =IF(ISBLANK('Master Submitted DPDs'!B4),"",'Master Submitted DPDs'!B4) -> 1617 | G682: =IF(ISBLANK('Master Submitted DPDs'!AS4),"","Withdrawn") | H682: =IF(ISBLANK('Master Submitted DPDs'!AS4),"",'Master Submitted DPDs'!AS4) | L682: =IF(ISBLANK('Master Submitted DPDs'!J4),"",'Master Submitted DPDs'!J4) -> 42040 | M682: =L682 -> 42040 | N682: =IF(ISBLANK('Master Submitted DPDs'!M4),IF(ISBLANK('Master Submitted DPDs'!O4),"",'Master Submitted DPDs'!O4),'Master Submitted DPDs'!M4) -> 42041 | O682: =IF(ISBLANK('Master Submitted DPDs'!Q4),"",'Master Submitted DPDs'!Q4) -> 42180 | P682: =IF(ISBLANK('Master Submitted DPDs'!AO4),"",'Master Submitted DPDs'!AO4) -> 42403 | Q682: =IF(ISBLANK('Master Submitted DPDs'!AU4),"",'Master Submitted DPDs'!AU4) -> SOU | R682: =IF(F682="","",IF(AND(H682="",Q682<>"UNS",P682=""),"Open","Closed")) -> Closed | T682: =IF(ISBLANK('Master Submitted DPDs'!G4),"",'Master Submitted DPDs'!G4) -> A
A683: =IF(ISBLANK('Master Submitted DPDs'!#REF!),"","Local Plans") -> Local Plans | B683: =IF(ISBLANK('Master Submitted DPDs'!F5),"",'Master Submitted DPDs'!F5) -> LP | C683: =IF(ISBLANK('Master Submitted DPDs'!$B5),"","IH") -> IH | D683: =LOOKUP($F683,'fuzzy LPA lookup'!$E:$E,'fuzzy LPA lookup'!$A:$A) -> H1033 | E683: =LOOKUP($F683,'fuzzy LPA lookup'!$E:$E,'fuzzy LPA lookup'!$D:$D) -> High Peak Borough Council | F683: =IF(ISBLANK('Master Submitted DPDs'!B5),"",'Master Submitted DPDs'!B5) -> 1435 | G683: =IF(ISBLANK('Master Submitted DPDs'!AS5),"","Withdrawn") | H683: =IF(ISBLANK('Master Submitted DPDs'!AS5),"",'Master Submitted DPDs'!AS5) | L683: =IF(ISBLANK('Master Submitted DPDs'!J5),"",'Master Submitted DPDs'!J5) -> 42040 | M683: =L683 -> 42040 | N683: =IF(ISBLANK('Master Submitted DPDs'!M5),IF(ISBLANK('Master Submitted DPDs'!O5),"",'Master Submitted DPDs'!O5),'Master Submitted DPDs'!M5) -> 42041 | O683: =IF(ISBLANK('Master Submitted DPDs'!Q5),"",'Master Submitted DPDs'!Q5) -> 42514 | P683: =IF(ISBLANK('Master Submitted DPDs'!AO5),"",'Master Submitted DPDs'!AO5) -> 42636 | Q683: =IF(ISBLANK('Master Submitted DPDs'!AU5),"",'Master Submitted DPDs'!AU5) -> SOU | R683: =IF(F683="","",IF(AND(H683="",Q683<>"UNS",P683=""),"Open","Closed")) -> Closed | T683: =IF(ISBLANK('Master Submitted DPDs'!G5),"",'Master Submitted DPDs'!G5) -> B
A684: =IF(ISBLANK('Master Submitted DPDs'!#REF!),"","Local Plans") -> Local Plans | B684: =IF(ISBLANK('Master Submitted DPDs'!F6),"",'Master Submitted DPDs'!F6) -> AAP | C684: =IF(ISBLANK('Master Submitted DPDs'!$B6),"","IH") -> IH | D684: =LOOKUP($F684,'fuzzy LPA lookup'!$E:$E,'fuzzy LPA lookup'!$A:$A) -> M9584 | E684: =LOOKUP($F684,'fuzzy LPA lookup'!$E:$E,'fuzzy LPA lookup'!$D:$D) -> London Legacy Development Corporation | F684: =IF(ISBLANK('Master Submitted DPDs'!B6),"",'Master Submitted DPDs'!B6) -> 1609 | G684: =IF(ISBLANK('Master Submitted DPDs'!AS6),"","Withdrawn") | H684: =IF(ISBLANK('Master Submitted DPDs'!AS6),"",'Master Submitted DPDs'!AS6) | L684: =IF(ISBLANK('Master Submitted DPDs'!J6),"",'Master Submitted DPDs'!J6) -> 42046 | M684: =L684 -> 42046 | N684: =IF(ISBLANK('Master Submitted DPDs'!M6),IF(ISBLANK('Master Submitted DPDs'!O6),"",'Master Submitted DPDs'!O6),'Master Submitted DPDs'!M6) -> 42047 | O684: =IF(ISBLANK('Master Submitted DPDs'!Q6),"",'Master Submitted DPDs'!Q6) -> 42209 | P684: =IF(ISBLANK('Master Submitted DPDs'!AO6),"",'Master Submitted DPDs'!AO6) -> 42507 | Q684: =IF(ISBLANK('Master Submitted DPDs'!AU6),"",'Master Submitted DPDs'!AU6) -> SOU | R684: =IF(F684="","",IF(AND(H684="",Q684<>"UNS",P684=""),"Open","Closed")) -> Closed | T684: =IF(ISBLANK('Master Submitted DPDs'!G6),"",'Master Submitted DPDs'!G6) -> D
A685: =IF(ISBLANK('Master Submitted DPDs'!#REF!),"","Local Plans") -> Local Plans | B685: =IF(ISBLANK('Master Submitted DPDs'!F7),"",'Master Submitted DPDs'!F7) -> M&W | C685: =IF(ISBLANK('Master Submitted DPDs'!$B7),"","IH") -> IH | D685: =LOOKUP($F685,'fuzzy LPA lookup'!$E:$E,'fuzzy LPA lookup'!$A:$A) -> D1265 | E685: =LOOKUP($F685,'fuzzy LPA lookup'!$E:$E,'fuzzy LPA lookup'!$D:$D) -> Dorset | F685: =IF(ISBLANK('Master Submitted DPDs'!B7),"",'Master Submitted DPDs'!B7) -> 1530 | G685: =IF(ISBLANK('Master Submitted DPDs'!AS7),"","Withdrawn") | H685: =IF(ISBLANK('Master Submitted DPDs'!AS7),"",'Master Submitted DPDs'!AS7) | L685: =IF(ISBLANK('Master Submitted DPDs'!J7),"",'Master Submitted DPDs'!J7) -> 42052 | M685: =L685 -> 42052 | N685: =IF(ISBLANK('Master Submitted DPDs'!M7),IF(ISBLANK('Master Submitted DPDs'!O7),"",'Master Submitted DPDs'!O7),'Master Submitted DPDs'!M7) -> 42052 | O685: =IF(ISBLANK('Master Submitted DPDs'!Q7),"",'Master Submitted DPDs'!Q7) -> 42152 | P685: =IF(ISBLANK('Master Submitted DPDs'!AO7),"",'Master Submitted DPDs'!AO7) -> 42244 | Q685: =IF(ISBLANK('Master Submitted DPDs'!AU7),"",'Master Submitted DPDs'!AU7) -> SOU | R685: =IF(F685="","",IF(AND(H685="",Q685<>"UNS",P685=""),"Open","Closed")) -> Closed | T685: =IF(ISBLANK('Master Submitted DPDs'!G7),"",'Master Submitted DPDs'!G7) -> C
A686: =IF(ISBLANK('Master Submitted DPDs'!#REF!),"","Local Plans") -> Local Plans | B686: =IF(ISBLANK('Master Submitted DPDs'!F8),"",'Master Submitted DPDs'!F8) -> AAP | C686: =IF(ISBLANK('Master Submitted DPDs'!$B8),"","IH") -> IH | D686: =LOOKUP($F686,'fuzzy LPA lookup'!$E:$E,'fuzzy LPA lookup'!$A:$A) -> A4520 | E686: =LOOKUP($F686,'fuzzy LPA lookup'!$E:$E,'fuzzy LPA lookup'!$D:$D) -> South Tyneside Council | F686: =IF(ISBLANK('Master Submitted DPDs'!B8),"",'Master Submitted DPDs'!B8) -> 1511 | G686: =IF(ISBLANK('Master Submitted DPDs'!AS8),"","Withdrawn") | H686: =IF(ISBLANK('Master Submitted DPDs'!AS8),"",'Master Submitted DPDs'!AS8) | L686: =IF(ISBLANK('Master Submitted DPDs'!J8),"",'Master Submitted DPDs'!J8) -> 42062 | M686: =L686 -> 42062 | N686: =IF(ISBLANK('Master Submitted DPDs'!M8),IF(ISBLANK('Master Submitted DPDs'!O8),"",'Master Submitted DPDs'!O8),'Master Submitted DPDs'!M8) -> 42062 | O686: =IF(ISBLANK('Master Submitted DPDs'!Q8),"",'Master Submitted DPDs'!Q8) -> 42333 | P686: =IF(ISBLANK('Master Submitted DPDs'!AO8),"",'Master Submitted DPDs'!AO8) -> 42542 | Q686: =IF(ISBLANK('Master Submitted DPDs'!AU8),"",'Master Submitted DPDs'!AU8) -> SOU | R686: =IF(F686="","",IF(AND(H686="",Q686<>"UNS",P686=""),"Open","Closed")) -> Closed | T686: =IF(ISBLANK('Master Submitted DPDs'!G8),"",'Master Submitted DPDs'!G8) -> D
A687: =IF(ISBLANK('Master Submitted DPDs'!#REF!),"","Local Plans") -> Local Plans | B687: =IF(ISBLANK('Master Submitted DPDs'!F9),"",'Master Submitted DPDs'!F9) -> AAP | C687: =IF(ISBLANK('Master Submitted DPDs'!$B9),"","IH") -> IH | D687: =LOOKUP($F687,'fuzzy LPA lookup'!$E:$E,'fuzzy LPA lookup'!$A:$A) -> V2255 | E687: =LOOKUP($F687,'fuzzy LPA lookup'!$E:$E,'fuzzy LPA lookup'!$D:$D) -> Swale Borough Council | F687: =IF(ISBLANK('Master Submitted DPDs'!B9),"",'Master Submitted DPDs'!B9) -> 1641 | G687: =IF(ISBLANK('Master Submitted DPDs'!AS9),"","Withdrawn") | H687: =IF(ISBLANK('Master Submitted DPDs'!AS9),"",'Master Submitted DPDs'!AS9) | L687: =IF(ISBLANK('Master Submitted DPDs'!J9),"",'Master Submitted DPDs'!J9) -> 42068 | M687: =L687 -> 42068 | N687: =IF(ISBLANK('Master Submitted DPDs'!M9),IF(ISBLANK('Master Submitted DPDs'!O9),"",'Master Submitted DPDs'!O9),'Master Submitted DPDs'!M9) -> 42199 | O687: =IF(ISBLANK('Master Submitted DPDs'!Q9),"",'Master Submitted DPDs'!Q9) -> 42201 | P687: =IF(ISBLANK('Master Submitted DPDs'!AO9),"",'Master Submitted DPDs'!AO9) -> 42486 | Q687: =IF(ISBLANK('Master Submitted DPDs'!AU9),"",'Master Submitted DPDs'!AU9) -> SOU | R687: =IF(F687="","",IF(AND(H687="",Q687<>"UNS",P687=""),"Open","Closed")) -> Closed | T687: =IF(ISBLANK('Master Submitted DPDs'!G9),"",'Master Submitted DPDs'!G9) -> D
A688: =IF(ISBLANK('Master Submitted DPDs'!#REF!),"","Local Plans") -> Local Plans | B688: =IF(ISBLANK('Master Submitted DPDs'!F10),"",'Master Submitted DPDs'!F10) -> LP | C688: =IF(ISBLANK('Master Submitted DPDs'!$B10),"","IH") -> IH | D688: =LOOKUP($F688,'fuzzy LPA lookup'!$E:$E,'fuzzy LPA lookup'!$A:$A) -> M9584 | E688: =LOOKUP($F688,'fuzzy LPA lookup'!$E:$E,'fuzzy LPA lookup'!$D:$D) -> London Legacy Development Corporation | F688: =IF(ISBLANK('Master Submitted DPDs'!B10),"",'Master Submitted DPDs'!B10) -> 1625 | G688: =IF(ISBLANK('Master Submitted DPDs'!AS10),"","Withdrawn") | H688: =IF(ISBLANK('Master Submitted DPDs'!AS10),"",'Master Submitted DPDs'!AS10) | L688: =IF(ISBLANK('Master Submitted DPDs'!J10),"",'Master Submitted DPDs'!J10) -> 42074 | M688: =L688 -> 42074 | N688: =IF(ISBLANK('Master Submitted DPDs'!M10),IF(ISBLANK('Master Submitted DPDs'!O10),"",'Master Submitted DPDs'!O10),'Master Submitted DPDs'!M10) -> 42075 | O688: =IF(ISBLANK('Master Submitted DPDs'!Q10),"",'Master Submitted DPDs'!Q10) -> 42200 | P688: =IF(ISBLANK('Master Submitted DPDs'!AO10),"",'Master Submitted DPDs'!AO10) -> 42361 | Q688: =IF(ISBLANK('Master Submitted DPDs'!AU10),"",'Master Submitted DPDs'!AU10) -> SOU | R688: =IF(F688="","",IF(AND(H688="",Q688<>"UNS",P688=""),"Open","Closed")) -> Closed | T688: =IF(ISBLANK('Master Submitted DPDs'!G10),"",'Master Submitted DPDs'!G10) -> A
A689: =IF(ISBLANK('Master Submitted DPDs'!#REF!),"","Local Plans") -> Local Plans | B689: =IF(ISBLANK('Master Submitted DPDs'!F11),"",'Master Submitted DPDs'!F11) -> LP | C689: =IF(ISBLANK('Master Submitted DPDs'!$B11),"","IH") -> IH | D689: =LOOKUP($F689,'fuzzy LPA lookup'!$E:$E,'fuzzy LPA lookup'!$A:$A) -> V3120 | E689: =LOOKUP($F689,'fuzzy LPA lookup'!$E:$E,'fuzzy LPA lookup'!$D:$D) -> Vale of White Horse District Council | F689: =IF(ISBLANK('Master Submitted DPDs'!B11),"",'Master Submitted DPDs'!B11) -> 832 | G689: =IF(ISBLANK('Master Submitted DPDs'!AS11),"","Withdrawn") | H689: =IF(ISBLANK('Master Submitted DPDs'!AS11),"",'Master Submitted DPDs'!AS11) | L689: =IF(ISBLANK('Master Submitted DPDs'!J11),"",'Master Submitted DPDs'!J11) -> 42081 | M689: =L689 -> 42081 | N689: =IF(ISBLANK('Master Submitted DPDs'!M11),IF(ISBLANK('Master Submitted DPDs'!O11),"",'Master Submitted DPDs'!O11),'Master Submitted DPDs'!M11) -> 42081 | O689: =IF(ISBLANK('Master Submitted DPDs'!Q11),"",'Master Submitted DPDs'!Q11) -> 42418 | P689: =IF(ISBLANK('Master Submitted DPDs'!AO11),"",'Master Submitted DPDs'!AO11) -> 42704 | Q689: =IF(ISBLANK('Master Submitted DPDs'!AU11),"",'Master Submitted DPDs'!AU11) -> SOU | R689: =IF(F689="","",IF(AND(H689="",Q689<>"UNS",P689=""),"Open","Closed")) -> Closed | T689: =IF(ISBLANK('Master Submitted DPDs'!G11),"",'Master Submitted DPDs'!G11) -> A
A690: =IF(ISBLANK('Master Submitted DPDs'!#REF!),"","Local Plans") -> Local Plans | B690: =IF(ISBLANK('Master Submitted DPDs'!F12),"",'Master Submitted DPDs'!F12) -> AAP | C690: =IF(ISBLANK('Master Submitted DPDs'!$B12),"","IH") -> IH | D690: =LOOKUP($F690,'fuzzy LPA lookup'!$E:$E,'fuzzy LPA lookup'!$A:$A) -> M9584 | E690: =LOOKUP($F690,'fuzzy LPA lookup'!$E:$E,'fuzzy LPA lookup'!$D:$D) -> London Legacy Development Corporation | F690: =IF(ISBLANK('Master Submitted DPDs'!B12),"",'Master Submitted DPDs'!B12) -> 1620 | G690: =IF(ISBLANK('Master Submitted DPDs'!AS12),"","Withdrawn") | H690: =IF(ISBLANK('Master Submitted DPDs'!AS12),"",'Master Submitted DPDs'!AS12) | L690: =IF(ISBLANK('Master Submitted DPDs'!J12),"",'Master Submitted DPDs'!J12) -> 42083 | M690: =L690 -> 42083 | N690: =IF(ISBLANK('Master Submitted DPDs'!M12),IF(ISBLANK('Master Submitted DPDs'!O12),"",'Master Submitted DPDs'!O12),'Master Submitted DPDs'!M12) -> 42083 | O690: =IF(ISBLANK('Master Submitted DPDs'!Q12),"",'Master Submitted DPDs'!Q12) -> 42297 | P690: =IF(ISBLANK('Master Submitted DPDs'!AO12),"",'Master Submitted DPDs'!AO12) -> 42480 | Q690: =IF(ISBLANK('Master Submitted DPDs'!AU12),"",'Master Submitted DPDs'!AU12) -> SOU | R690: =IF(F690="","",IF(AND(H690="",Q690<>"UNS",P690=""),"Open","Closed")) -> Closed | T690: =IF(ISBLANK('Master Submitted DPDs'!G12),"",'Master Submitted DPDs'!G12) -> D
A691: =IF(ISBLANK('Master Submitted DPDs'!#REF!),"","Local Plans") -> Local Plans | B691: =IF(ISBLANK('Master Submitted DPDs'!F13),"",'Master Submitted DPDs'!F13) -> Other | C691: =IF(ISBLANK('Master Submitted DPDs'!$B13),"","IH") -> IH | D691: =LOOKUP($F691,'fuzzy LPA lookup'!$E:$E,'fuzzy LPA lookup'!$A:$A) -> M9584 | E691: =LOOKUP($F691,'fuzzy LPA lookup'!$E:$E,'fuzzy LPA lookup'!$D:$D) -> London Legacy Development Corporation | F691: =IF(ISBLANK('Master Submitted DPDs'!B13),"",'Master Submitted DPDs'!B13) -> 1630 | G691: =IF(ISBLANK('Master Submitted DPDs'!AS13),"","Withdrawn") | H691: =IF(ISBLANK('Master Submitted DPDs'!AS13),"",'Master Submitted DPDs'!AS13) | L691: =IF(ISBLANK('Master Submitted DPDs'!J13),"",'Master Submitted DPDs'!J13) -> 42088 | M691: =L691 -> 42088 | N691: =IF(ISBLANK('Master Submitted DPDs'!M13),IF(ISBLANK('Master Submitted DPDs'!O13),"",'Master Submitted DPDs'!O13),'Master Submitted DPDs'!M13) -> 42088 | O691: =IF(ISBLANK('Master Submitted DPDs'!Q13),"",'Master Submitted DPDs'!Q13) -> 42380 | P691: =IF(ISBLANK('Master Submitted DPDs'!AO13),"",'Master Submitted DPDs'!AO13) -> 42424 | Q691: =IF(ISBLANK('Master Submitted DPDs'!AU13),"",'Master Submitted DPDs'!AU13) -> SOU | R691: =IF(F691="","",IF(AND(H691="",Q691<>"UNS",P691=""),"Open","Closed")) -> Closed | T691: =IF(ISBLANK('Master Submitted DPDs'!G13),"",'Master Submitted DPDs'!G13) -> D
... A808: =IF(ISBLANK('Master Submitted DPDs'!#REF!),"","Local Plans") -> Local Plans | B808: =IF(ISBLANK('Master Submitted DPDs'!F130),"",'Master Submitted DPDs'!F130) -> SA | C808: =IF(ISBLANK('Master Submitted DPDs'!$B130),"","IH") -> IH | D808: =LOOKUP($F808,'fuzzy LPA lookup'!$E:$E,'fuzzy LPA lookup'!$A:$A) -> C1055 | E808: =LOOKUP($F808,'fuzzy LPA lookup'!$E:$E,'fuzzy LPA lookup'!$D:$D) -> Derby City Council | F808: =IF(ISBLANK('Master Submitted DPDs'!B130),"",'Master Submitted DPDs'!B130) -> 1698 | G808: =IF(ISBLANK('Master Submitted DPDs'!AS130),"","Withdrawn") | H808: =IF(ISBLANK('Master Submitted DPDs'!AS130),"",'Master Submitted DPDs'!AS130) | L808: =IF(ISBLANK('Master Submitted DPDs'!J130),"",'Master Submitted DPDs'!J130) -> 42860 | M808: =L808 -> 42860 | N808: =IF(ISBLANK('Master Submitted DPDs'!M130),IF(ISBLANK('Master Submitted DPDs'!O130),"",'Master Submitted DPDs'!O130),'Master Submitted DPDs'!M130) -> 42860 | O808: =IF(ISBLANK('Master Submitted DPDs'!Q130),"",'Master Submitted DPDs'!Q130) -> 43315 | P808: =IF(ISBLANK('Master Submitted DPDs'!AO130),"",'Master Submitted DPDs'!AO130) -> 43623 | Q808: =IF(ISBLANK('Master Submitted DPDs'!AU130),"",'Master Submitted DPDs'!AU130) -> SOU | R808: =IF(F808="","",IF(AND(H808="",Q808<>"UNS",P808=""),"Open","Closed")) -> Closed | T808: =IF(ISBLANK('Master Submitted DPDs'!G130),"",'Master Submitted DPDs'!G130) -> 3
A809: =IF(ISBLANK('Master Submitted DPDs'!$B131),"","Local Plans") -> Local Plans | B809: =IF(ISBLANK('Master Submitted DPDs'!F131),"",'Master Submitted DPDs'!F131) -> LP | C809: =IF(ISBLANK('Master Submitted DPDs'!$B131),"","IH") -> IH | D809: =LOOKUP($F809,'fuzzy LPA lookup'!$E:$E,'fuzzy LPA lookup'!$A:$A) -> P1045 | E809: =LOOKUP($F809,'fuzzy LPA lookup'!$E:$E,'fuzzy LPA lookup'!$D:$D) -> Derbyshire Dales District Council | F809: =IF(ISBLANK('Master Submitted DPDs'!B131),"",'Master Submitted DPDs'!B131) -> 1478 | G809: =IF(ISBLANK('Master Submitted DPDs'!AS131),"","Withdrawn") | H809: =IF(ISBLANK('Master Submitted DPDs'!AS131),"",'Master Submitted DPDs'!AS131) | L809: =IF(ISBLANK('Master Submitted DPDs'!J131),"",'Master Submitted DPDs'!J131) -> 42860 | M809: =L809 -> 42860 | N809: =IF(ISBLANK('Master Submitted DPDs'!M131),IF(ISBLANK('Master Submitted DPDs'!O131),"",'Master Submitted DPDs'!O131),'Master Submitted DPDs'!M131) -> 42860 | O809: =IF(ISBLANK('Master Submitted DPDs'!Q131),"",'Master Submitted DPDs'!Q131) -> 43175 | P809: =IF(ISBLANK('Master Submitted DPDs'!AO131),"",'Master Submitted DPDs'!AO131) -> 43677 | Q809: =IF(ISBLANK('Master Submitted DPDs'!AU131),"",'Master Submitted DPDs'!AU131) -> SOU | R809: =IF(F809="","",IF(AND(H809="",Q809<>"UNS",P809=""),"Open","Closed")) -> Closed | T809: =IF(ISBLANK('Master Submitted DPDs'!G131),"",'Master Submitted DPDs'!G131) -> 3
A810: =IF(ISBLANK('Master Submitted DPDs'!$B132),"","Local Plans") -> Local Plans | B810: =IF(ISBLANK('Master Submitted DPDs'!F132),"",'Master Submitted DPDs'!F132) -> LP | C810: =IF(ISBLANK('Master Submitted DPDs'!$B132),"","IH") -> IH | D810: =LOOKUP($F810,'fuzzy LPA lookup'!$E:$E,'fuzzy LPA lookup'!$A:$A) -> C1950 | E810: =LOOKUP($F810,'fuzzy LPA lookup'!$E:$E,'fuzzy LPA lookup'!$D:$D) -> Welwyn Hatfield Council | F810: =IF(ISBLANK('Master Submitted DPDs'!B132),"",'Master Submitted DPDs'!B132) -> 1717 | G810: =IF(ISBLANK('Master Submitted DPDs'!AS132),"","Withdrawn") | H810: =IF(ISBLANK('Master Submitted DPDs'!AS132),"",'Master Submitted DPDs'!AS132) | L810: =IF(ISBLANK('Master Submitted DPDs'!J132),"",'Master Submitted DPDs'!J132) -> 42870 | M810: =L810 -> 42870 | N810: =IF(ISBLANK('Master Submitted DPDs'!M132),IF(ISBLANK('Master Submitted DPDs'!O132),"",'Master Submitted DPDs'!O132),'Master Submitted DPDs'!M132) -> 42871 | O810: =IF(ISBLANK('Master Submitted DPDs'!Q132),"",'Master Submitted DPDs'!Q132) -> 44273 | P810: =IF(ISBLANK('Master Submitted DPDs'!AO132),"",'Master Submitted DPDs'!AO132) -> 45194 | Q810: =IF(ISBLANK('Master Submitted DPDs'!AU132),"",'Master Submitted DPDs'!AU132) -> SOU | R810: =IF(F810="","",IF(AND(H810="",Q810<>"UNS",P810=""),"Open","Closed")) -> Closed | T810: =IF(ISBLANK('Master Submitted DPDs'!G132),"",'Master Submitted DPDs'!G132) -> 3
A811: =IF(ISBLANK('Master Submitted DPDs'!$B133),"","Local Plans") -> Local Plans | B811: =IF(ISBLANK('Master Submitted DPDs'!F133),"",'Master Submitted DPDs'!F133) -> LP | C811: =IF(ISBLANK('Master Submitted DPDs'!$B133),"","IH") -> IH | D811: =LOOKUP($F811,'fuzzy LPA lookup'!$E:$E,'fuzzy LPA lookup'!$A:$A) -> N2535 | E811: =LOOKUP($F811,'fuzzy LPA lookup'!$E:$E,'fuzzy LPA lookup'!$D:$D) -> West Lindsey District Council | F811: =IF(ISBLANK('Master Submitted DPDs'!B133),"",'Master Submitted DPDs'!B133) -> 1808 | G811: =IF(ISBLANK('Master Submitted DPDs'!AS133),"","Withdrawn") | H811: =IF(ISBLANK('Master Submitted DPDs'!AS133),"",'Master Submitted DPDs'!AS133) | L811: =IF(ISBLANK('Master Submitted DPDs'!J133),"",'Master Submitted DPDs'!J133) -> 42874 | M811: =L811 -> 42874 | N811: =IF(ISBLANK('Master Submitted DPDs'!M133),IF(ISBLANK('Master Submitted DPDs'!O133),"",'Master Submitted DPDs'!O133),'Master Submitted DPDs'!M133) -> 42874 | O811: =IF(ISBLANK('Master Submitted DPDs'!Q133),"",'Master Submitted DPDs'!Q133) -> 43021 | P811: =IF(ISBLANK('Master Submitted DPDs'!AO133),"",'Master Submitted DPDs'!AO133) -> 43216 | Q811: =IF(ISBLANK('Master Submitted DPDs'!AU133),"",'Master Submitted DPDs'!AU133) -> SOU | R811: =IF(F811="","",IF(AND(H811="",Q811<>"UNS",P811=""),"Open","Closed")) -> Closed | T811: =IF(ISBLANK('Master Submitted DPDs'!G133),"",'Master Submitted DPDs'!G133) -> 3
A812: =IF(ISBLANK('Master Submitted DPDs'!$B134),"","Local Plans") -> Local Plans | B812: =IF(ISBLANK('Master Submitted DPDs'!F134),"",'Master Submitted DPDs'!F134) -> M&W | C812: =IF(ISBLANK('Master Submitted DPDs'!$B134),"","IH") -> IH | D812: =LOOKUP($F812,'fuzzy LPA lookup'!$E:$E,'fuzzy LPA lookup'!$A:$A) -> N2535 | E812: =LOOKUP($F812,'fuzzy LPA lookup'!$E:$E,'fuzzy LPA lookup'!$D:$D) -> West Lindsey District Council | F812: =IF(ISBLANK('Master Submitted DPDs'!B134),"",'Master Submitted DPDs'!B134) -> 1812 | G812: =IF(ISBLANK('Master Submitted DPDs'!AS134),"","Withdrawn") | H812: =IF(ISBLANK('Master Submitted DPDs'!AS134),"",'Master Submitted DPDs'!AS134) | L812: =IF(ISBLANK('Master Submitted DPDs'!J134),"",'Master Submitted DPDs'!J134) -> 42881 | M812: =L812 -> 42881 | N812: =IF(ISBLANK('Master Submitted DPDs'!M134),IF(ISBLANK('Master Submitted DPDs'!O134),"",'Master Submitted DPDs'!O134),'Master Submitted DPDs'!M134) -> 42891 | O812: =IF(ISBLANK('Master Submitted DPDs'!Q134),"",'Master Submitted DPDs'!Q134) -> 43006 | P812: =IF(ISBLANK('Master Submitted DPDs'!AO134),"",'Master Submitted DPDs'!AO134) -> 43250 | Q812: =IF(ISBLANK('Master Submitted DPDs'!AU134),"",'Master Submitted DPDs'!AU134) -> SOU | R812: =IF(F812="","",IF(AND(H812="",Q812<>"UNS",P812=""),"Open","Closed")) -> Closed | T812: =IF(ISBLANK('Master Submitted DPDs'!G134),"",'Master Submitted DPDs'!G134) -> 2
A813: =IF(ISBLANK('Master Submitted DPDs'!$B135),"","Local Plans") -> Local Plans | B813: =IF(ISBLANK('Master Submitted DPDs'!F135),"",'Master Submitted DPDs'!F135) -> LP | C813: =IF(ISBLANK('Master Submitted DPDs'!$B135),"","IH") -> IH | D813: =LOOKUP($F813,'fuzzy LPA lookup'!$E:$E,'fuzzy LPA lookup'!$A:$A) -> W3710 | E813: =LOOKUP($F813,'fuzzy LPA lookup'!$E:$E,'fuzzy LPA lookup'!$D:$D) -> Nuneaton and Bedworth Borough Council | F813: =IF(ISBLANK('Master Submitted DPDs'!B135),"",'Master Submitted DPDs'!B135) -> 1678 | G813: =IF(ISBLANK('Master Submitted DPDs'!AS135),"","Withdrawn") | H813: =IF(ISBLANK('Master Submitted DPDs'!AS135),"",'Master Submitted DPDs'!AS135) | L813: =IF(ISBLANK('Master Submitted DPDs'!J135),"",'Master Submitted DPDs'!J135) -> 42892 | M813: =L813 -> 42892 | N813: =IF(ISBLANK('Master Submitted DPDs'!M135),IF(ISBLANK('Master Submitted DPDs'!O135),"",'Master Submitted DPDs'!O135),'Master Submitted DPDs'!M135) -> 42892 | O813: =IF(ISBLANK('Master Submitted DPDs'!Q135),"",'Master Submitted DPDs'!Q135) -> 43515 | P813: =IF(ISBLANK('Master Submitted DPDs'!AO135),"",'Master Submitted DPDs'!AO135) -> 43564 | Q813: =IF(ISBLANK('Master Submitted DPDs'!AU135),"",'Master Submitted DPDs'!AU135) -> SOU | R813: =IF(F813="","",IF(AND(H813="",Q813<>"UNS",P813=""),"Open","Closed")) -> Closed | T813: =IF(ISBLANK('Master Submitted DPDs'!G135),"",'Master Submitted DPDs'!G135) -> 3
A814: =IF(ISBLANK('Master Submitted DPDs'!$B136),"","Local Plans") -> Local Plans | B814: =IF(ISBLANK('Master Submitted DPDs'!F136),"",'Master Submitted DPDs'!F136) -> AAP | C814: =IF(ISBLANK('Master Submitted DPDs'!$B136),"","IH") -> IH | D814: =LOOKUP($F814,'fuzzy LPA lookup'!$E:$E,'fuzzy LPA lookup'!$A:$A) -> V4630 | E814: =LOOKUP($F814,'fuzzy LPA lookup'!$E:$E,'fuzzy LPA lookup'!$D:$D) -> Walsall Metropolitan Borough Council | F814: =IF(ISBLANK('Master Submitted DPDs'!B136),"",'Master Submitted DPDs'!B136) -> 1750 | G814: =IF(ISBLANK('Master Submitted DPDs'!AS136),"","Withdrawn") | H814: =IF(ISBLANK('Master Submitted DPDs'!AS136),"",'Master Submitted DPDs'!AS136) | L814: =IF(ISBLANK('Master Submitted DPDs'!J136),"",'Master Submitted DPDs'!J136) -> 42893 | M814: =L814 -> 42893 | N814: =IF(ISBLANK('Master Submitted DPDs'!M136),IF(ISBLANK('Master Submitted DPDs'!O136),"",'Master Submitted DPDs'!O136),'Master Submitted DPDs'!M136) -> 42893 | O814: =IF(ISBLANK('Master Submitted DPDs'!Q136),"",'Master Submitted DPDs'!Q136) -> 43026 | P814: =IF(ISBLANK('Master Submitted DPDs'!AO136),"",'Master Submitted DPDs'!AO136) -> 43341 | Q814: =IF(ISBLANK('Master Submitted DPDs'!AU136),"",'Master Submitted DPDs'!AU136) -> SOU | R814: =IF(F814="","",IF(AND(H814="",Q814<>"UNS",P814=""),"Open","Closed")) -> Closed | T814: =IF(ISBLANK('Master Submitted DPDs'!G136),"",'Master Submitted DPDs'!G136) -> 2
A815: =IF(ISBLANK('Master Submitted DPDs'!$B137),"","Local Plans") -> Local Plans | B815: =IF(ISBLANK('Master Submitted DPDs'!F137),"",'Master Submitted DPDs'!F137) -> SA | C815: =IF(ISBLANK('Master Submitted DPDs'!$B137),"","IH") -> IH | D815: =LOOKUP($F815,'fuzzy LPA lookup'!$E:$E,'fuzzy LPA lookup'!$A:$A) -> B2002 | E815: =LOOKUP($F815,'fuzzy LPA lookup'!$E:$E,'fuzzy LPA lookup'!$D:$D) -> North East Lincolnshire Council | F815: =IF(ISBLANK('Master Submitted DPDs'!B137),"",'Master Submitted DPDs'!B137) -> 1749 | G815: =IF(ISBLANK('Master Submitted DPDs'!AS137),"","Withdrawn") | H815: =IF(ISBLANK('Master Submitted DPDs'!AS137),"",'Master Submitted DPDs'!AS137) | L815: =IF(ISBLANK('Master Submitted DPDs'!J137),"",'Master Submitted DPDs'!J137) -> 42893 | M815: =L815 -> 42893 | N815: =IF(ISBLANK('Master Submitted DPDs'!M137),IF(ISBLANK('Master Submitted DPDs'!O137),"",'Master Submitted DPDs'!O137),'Master Submitted DPDs'!M137) -> 42893 | O815: =IF(ISBLANK('Master Submitted DPDs'!Q137),"",'Master Submitted DPDs'!Q137) -> 42999 | P815: =IF(ISBLANK('Master Submitted DPDs'!AO137),"",'Master Submitted DPDs'!AO137) -> 43426 | Q815: =IF(ISBLANK('Master Submitted DPDs'!AU137),"",'Master Submitted DPDs'!AU137) -> SOU | R815: =IF(F815="","",IF(AND(H815="",Q815<>"UNS",P815=""),"Open","Closed")) -> Closed | T815: =IF(ISBLANK('Master Submitted DPDs'!G137),"",'Master Submitted DPDs'!G137) -> 3
A816: =IF(ISBLANK('Master Submitted DPDs'!$B138),"","Local Plans") -> Local Plans | B816: =IF(ISBLANK('Master Submitted DPDs'!F138),"",'Master Submitted DPDs'!F138) -> LP | C816: =IF(ISBLANK('Master Submitted DPDs'!$B138),"","IH") -> IH | D816: =LOOKUP($F816,'fuzzy LPA lookup'!$E:$E,'fuzzy LPA lookup'!$A:$A) -> J4525 | E816: =LOOKUP($F816,'fuzzy LPA lookup'!$E:$E,'fuzzy LPA lookup'!$D:$D) -> Sunderland City Council | F816: =IF(ISBLANK('Master Submitted DPDs'!B138),"",'Master Submitted DPDs'!B138) -> 1792 | G816: =IF(ISBLANK('Master Submitted DPDs'!AS138),"","Withdrawn") | H816: =IF(ISBLANK('Master Submitted DPDs'!AS138),"",'Master Submitted DPDs'!AS138) | L816: =IF(ISBLANK('Master Submitted DPDs'!J138),"",'Master Submitted DPDs'!J138) -> 42895 | M816: =L816 -> 42895 | N816: =IF(ISBLANK('Master Submitted DPDs'!M138),IF(ISBLANK('Master Submitted DPDs'!O138),"",'Master Submitted DPDs'!O138),'Master Submitted DPDs'!M138) -> 42895 | O816: =IF(ISBLANK('Master Submitted DPDs'!Q138),"",'Master Submitted DPDs'!Q138) -> 44229 | P816: =IF(ISBLANK('Master Submitted DPDs'!AO138),"",'Master Submitted DPDs'!AO138) -> 44812 | Q816: =IF(ISBLANK('Master Submitted DPDs'!AU138),"",'Master Submitted DPDs'!AU138) -> SOU | R816: =IF(F816="","",IF(AND(H816="",Q816<>"UNS",P816=""),"Open","Closed")) -> Closed | T816: =IF(ISBLANK('Master Submitted DPDs'!G138),"",'Master Submitted DPDs'!G138) -> 3
A817: =IF(ISBLANK('Master Submitted DPDs'!$B139),"","Local Plans") -> Local Plans | B817: =IF(ISBLANK('Master Submitted DPDs'!F139),"",'Master Submitted DPDs'!F139) -> LP | C817: =IF(ISBLANK('Master Submitted DPDs'!$B139),"","IH") -> IH | D817: =LOOKUP($F817,'fuzzy LPA lookup'!$E:$E,'fuzzy LPA lookup'!$A:$A) -> N2535 | E817: =LOOKUP($F817,'fuzzy LPA lookup'!$E:$E,'fuzzy LPA lookup'!$D:$D) -> West Lindsey District Council | F817: =IF(ISBLANK('Master Submitted DPDs'!B139),"",'Master Submitted DPDs'!B139) -> 1833 | G817: =IF(ISBLANK('Master Submitted DPDs'!AS139),"","Withdrawn") | H817: =IF(ISBLANK('Master Submitted DPDs'!AS139),"",'Master Submitted DPDs'!AS139) | L817: =IF(ISBLANK('Master Submitted DPDs'!J139),"",'Master Submitted DPDs'!J139) -> 42909 | M817: =L817 -> 42909 | N817: =IF(ISBLANK('Master Submitted DPDs'!M139),IF(ISBLANK('Master Submitted DPDs'!O139),"",'Master Submitted DPDs'!O139),'Master Submitted DPDs'!M139) -> 42913 | O817: =IF(ISBLANK('Master Submitted DPDs'!Q139),"",'Master Submitted DPDs'!Q139) -> 43216 | P817: =IF(ISBLANK('Master Submitted DPDs'!AO139),"",'Master Submitted DPDs'!AO139) -> 43494 | Q817: =IF(ISBLANK('Master Submitted DPDs'!AU139),"",'Master Submitted DPDs'!AU139) -> SOU | R817: =IF(F817="","",IF(AND(H817="",Q817<>"UNS",P817=""),"Open","Closed")) -> Closed | T817: =IF(ISBLANK('Master Submitted DPDs'!G139),"",'Master Submitted DPDs'!G139) -> 3
A818: =IF(ISBLANK('Master Submitted DPDs'!$B140),"","Local Plans") -> Local Plans | B818: =IF(ISBLANK('Master Submitted DPDs'!F140),"",'Master Submitted DPDs'!F140) -> SA | C818: =IF(ISBLANK('Master Submitted DPDs'!$B140),"","IH") -> IH | D818: =LOOKUP($F818,'fuzzy LPA lookup'!$E:$E,'fuzzy LPA lookup'!$A:$A) -> N2535 | E818: =LOOKUP($F818,'fuzzy LPA lookup'!$E:$E,'fuzzy LPA lookup'!$D:$D) -> West Lindsey District Council | F818: =IF(ISBLANK('Master Submitted DPDs'!B140),"",'Master Submitted DPDs'!B140) -> 1818 | G818: =IF(ISBLANK('Master Submitted DPDs'!AS140),"","Withdrawn") | H818: =IF(ISBLANK('Master Submitted DPDs'!AS140),"",'Master Submitted DPDs'!AS140) | L818: =IF(ISBLANK('Master Submitted DPDs'!J140),"",'Master Submitted DPDs'!J140) -> 42914 | M818: =L818 -> 42914 | N818: =IF(ISBLANK('Master Submitted DPDs'!M140),IF(ISBLANK('Master Submitted DPDs'!O140),"",'Master Submitted DPDs'!O140),'Master Submitted DPDs'!M140) -> 42914 | O818: =IF(ISBLANK('Master Submitted DPDs'!Q140),"",'Master Submitted DPDs'!Q140) -> 43047 | P818: =IF(ISBLANK('Master Submitted DPDs'!AO140),"",'Master Submitted DPDs'!AO140) -> 43237 | Q818: =IF(ISBLANK('Master Submitted DPDs'!AU140),"",'Master Submitted DPDs'!AU140) -> SOU | R818: =IF(F818="","",IF(AND(H818="",Q818<>"UNS",P818=""),"Open","Closed")) -> Closed | T818: =IF(ISBLANK('Master Submitted DPDs'!G140),"",'Master Submitted DPDs'!G140) -> 2
A819: =IF(ISBLANK('Master Submitted DPDs'!$B141),"","Local Plans") -> Local Plans | B819: =IF(ISBLANK('Master Submitted DPDs'!F141),"",'Master Submitted DPDs'!F141) -> LP | C819: =IF(ISBLANK('Master Submitted DPDs'!$B141),"","IH") -> IH | D819: =LOOKUP($F819,'fuzzy LPA lookup'!$E:$E,'fuzzy LPA lookup'!$A:$A) -> N3020 | E819: =LOOKUP($F819,'fuzzy LPA lookup'!$E:$E,'fuzzy LPA lookup'!$D:$D) -> Gedling Borough Council | F819: =IF(ISBLANK('Master Submitted DPDs'!B141),"",'Master Submitted DPDs'!B141) -> 1773 | G819: =IF(ISBLANK('Master Submitted DPDs'!AS141),"","Withdrawn") | H819: =IF(ISBLANK('Master Submitted DPDs'!AS141),"",'Master Submitted DPDs'!AS141) | L819: =IF(ISBLANK('Master Submitted DPDs'!J141),"",'Master Submitted DPDs'!J141) -> 42923 | M819: =L819 -> 42923 | N819: =IF(ISBLANK('Master Submitted DPDs'!M141),IF(ISBLANK('Master Submitted DPDs'!O141),"",'Master Submitted DPDs'!O141),'Master Submitted DPDs'!M141) -> 42923 | O819: =IF(ISBLANK('Master Submitted DPDs'!Q141),"",'Master Submitted DPDs'!Q141) -> 43061 | P819: =IF(ISBLANK('Master Submitted DPDs'!AO141),"",'Master Submitted DPDs'!AO141) -> 43256 | Q819: =IF(ISBLANK('Master Submitted DPDs'!AU141),"",'Master Submitted DPDs'!AU141) -> SOU | R819: =IF(F819="","",IF(AND(H819="",Q819<>"UNS",P819=""),"Open","Closed")) -> Closed | T819: =IF(ISBLANK('Master Submitted DPDs'!G141),"",'Master Submitted DPDs'!G141) -> 3
A820: =IF(ISBLANK('Master Submitted DPDs'!$B142),"","Local Plans") -> Local Plans | B820: =IF(ISBLANK('Master Submitted DPDs'!F142),"",'Master Submitted DPDs'!F142) -> LP | C820: =IF(ISBLANK('Master Submitted DPDs'!$B142),"","IH") -> IH | D820: =LOOKUP($F820,'fuzzy LPA lookup'!$E:$E,'fuzzy LPA lookup'!$A:$A) -> B1930 | E820: =LOOKUP($F820,'fuzzy LPA lookup'!$E:$E,'fuzzy LPA lookup'!$D:$D) -> St Albans City Council | F820: =IF(ISBLANK('Master Submitted DPDs'!B142),"",'Master Submitted DPDs'!B142) -> 1745 | G820: =IF(ISBLANK('Master Submitted DPDs'!AS142),"","Withdrawn") | H820: =IF(ISBLANK('Master Submitted DPDs'!AS142),"",'Master Submitted DPDs'!AS142) | L820: =IF(ISBLANK('Master Submitted DPDs'!J142),"",'Master Submitted DPDs'!J142) -> 42930 | M820: =L820 -> 42930 | N820: =IF(ISBLANK('Master Submitted DPDs'!M142),IF(ISBLANK('Master Submitted DPDs'!O142),"",'Master Submitted DPDs'!O142),'Master Submitted DPDs'!M142) -> 42930 | O820: =IF(ISBLANK('Master Submitted DPDs'!Q142),"",'Master Submitted DPDs'!Q142) -> 43216 | P820: =IF(ISBLANK('Master Submitted DPDs'!AO142),"",'Master Submitted DPDs'!AO142) -> 43551 | Q820: =IF(ISBLANK('Master Submitted DPDs'!AU142),"",'Master Submitted DPDs'!AU142) -> SOU | R820: =IF(F820="","",IF(AND(H820="",Q820<>"UNS",P820=""),"Open","Closed")) -> Closed | T820: =IF(ISBLANK('Master Submitted DPDs'!G142),"",'Master Submitted DPDs'!G142) -> 3
... A991: =IF(ISBLANK('Master Submitted DPDs'!$B313),"","Local Plans") -> Local Plans | B991: =IF(ISBLANK('Master Submitted DPDs'!F313),"",'Master Submitted DPDs'!F313) -> SA | C991: =IF(ISBLANK('Master Submitted DPDs'!$B313),"","IH") -> IH | D991: =LOOKUP($F991,'fuzzy LPA lookup'!$E:$E,'fuzzy LPA lookup'!$A:$A) -> U3935 | E991: =LOOKUP($F991,'fuzzy LPA lookup'!$E:$E,'fuzzy LPA lookup'!$D:$D) -> Swindon Borough Council | F991: =IF(ISBLANK('Master Submitted DPDs'!B313),"",'Master Submitted DPDs'!B313) -> 2241 | G991: =IF(ISBLANK('Master Submitted DPDs'!AS313),"","Withdrawn") | H991: =IF(ISBLANK('Master Submitted DPDs'!AS313),"",'Master Submitted DPDs'!AS313) | L991: =IF(ISBLANK('Master Submitted DPDs'!J313),"",'Master Submitted DPDs'!J313) -> 44181 | M991: =L991 -> 44181 | N991: =IF(ISBLANK('Master Submitted DPDs'!M313),IF(ISBLANK('Master Submitted DPDs'!O313),"",'Master Submitted DPDs'!O313),'Master Submitted DPDs'!M313) -> 44202 | O991: =IF(ISBLANK('Master Submitted DPDs'!Q313),"",'Master Submitted DPDs'!Q313) -> 44363 | P991: =IF(ISBLANK('Master Submitted DPDs'!AO313),"",'Master Submitted DPDs'!AO313) -> 44711 | Q991: =IF(ISBLANK('Master Submitted DPDs'!AU313),"",'Master Submitted DPDs'!AU313) -> SOU | R991: =IF(F991="","",IF(AND(H991="",Q991<>"UNS",P991=""),"Open","Closed")) -> Closed | T991: =IF(ISBLANK('Master Submitted DPDs'!G313),"",'Master Submitted DPDs'!G313) -> 2
A992: =IF(ISBLANK('Master Submitted DPDs'!$B315),"","Local Plans") -> Local Plans | B992: =IF(ISBLANK('Master Submitted DPDs'!F315),"",'Master Submitted DPDs'!F315) -> M&W | C992: =IF(ISBLANK('Master Submitted DPDs'!$B315),"","IH") -> IH | D992: =LOOKUP($F992,'fuzzy LPA lookup'!$E:$E,'fuzzy LPA lookup'!$A:$A) -> U3935 | E992: =LOOKUP($F992,'fuzzy LPA lookup'!$E:$E,'fuzzy LPA lookup'!$D:$D) -> Swindon Borough Council | F992: =IF(ISBLANK('Master Submitted DPDs'!B315),"",'Master Submitted DPDs'!B315) -> 2246 | G992: =IF(ISBLANK('Master Submitted DPDs'!AS315),"","Withdrawn") | H992: =IF(ISBLANK('Master Submitted DPDs'!AS315),"",'Master Submitted DPDs'!AS315) | L992: =IF(ISBLANK('Master Submitted DPDs'!J315),"",'Master Submitted DPDs'!J315) -> 44215 | M992: =L992 -> 44215 | N992: =IF(ISBLANK('Master Submitted DPDs'!M315),IF(ISBLANK('Master Submitted DPDs'!O315),"",'Master Submitted DPDs'!O315),'Master Submitted DPDs'!M315) -> 44222 | O992: =IF(ISBLANK('Master Submitted DPDs'!Q315),"",'Master Submitted DPDs'!Q315) -> 44441 | P992: =IF(ISBLANK('Master Submitted DPDs'!AO315),"",'Master Submitted DPDs'!AO315) -> 44886 | Q992: =IF(ISBLANK('Master Submitted DPDs'!AU315),"",'Master Submitted DPDs'!AU315) -> SOU | R992: =IF(F992="","",IF(AND(H992="",Q992<>"UNS",P992=""),"Open","Closed")) -> Closed | T992: =IF(ISBLANK('Master Submitted DPDs'!G315),"",'Master Submitted DPDs'!G315) -> 2
A993: =IF(ISBLANK('Master Submitted DPDs'!$B316),"","Local Plans") -> Local Plans | B993: =IF(ISBLANK('Master Submitted DPDs'!F316),"",'Master Submitted DPDs'!F316) -> LP | C993: =IF(ISBLANK('Master Submitted DPDs'!$B316),"","IH") -> IH | D993: =LOOKUP($F993,'fuzzy LPA lookup'!$E:$E,'fuzzy LPA lookup'!$A:$A) -> H4505 | E993: =LOOKUP($F993,'fuzzy LPA lookup'!$E:$E,'fuzzy LPA lookup'!$D:$D) -> Gateshead Metropolitan Borough Council | F993: =IF(ISBLANK('Master Submitted DPDs'!B316),"",'Master Submitted DPDs'!B316) -> 1963 | G993: =IF(ISBLANK('Master Submitted DPDs'!AS316),"","Withdrawn") -> Withdrawn | H993: =IF(ISBLANK('Master Submitted DPDs'!AS316),"",'Master Submitted DPDs'!AS316) -> 44440 | L993: =IF(ISBLANK('Master Submitted DPDs'!J316),"",'Master Submitted DPDs'!J316) -> 44230 | M993: =L993 -> 44230 | N993: =IF(ISBLANK('Master Submitted DPDs'!M316),IF(ISBLANK('Master Submitted DPDs'!O316),"",'Master Submitted DPDs'!O316),'Master Submitted DPDs'!M316) -> 44246 | O993: =IF(ISBLANK('Master Submitted DPDs'!Q316),"",'Master Submitted DPDs'!Q316) | P993: =IF(ISBLANK('Master Submitted DPDs'!AO316),"",'Master Submitted DPDs'!AO316) | Q993: =IF(ISBLANK('Master Submitted DPDs'!AU316),"",'Master Submitted DPDs'!AU316) -> DPDW | R993: =IF(F993="","",IF(AND(H993="",Q993<>"UNS",P993=""),"Open","Closed")) -> Closed | T993: =IF(ISBLANK('Master Submitted DPDs'!G316),"",'Master Submitted DPDs'!G316) -> 3
A994: =IF(ISBLANK('Master Submitted DPDs'!$B317),"","Local Plans") -> Local Plans | B994: =IF(ISBLANK('Master Submitted DPDs'!F317),"",'Master Submitted DPDs'!F317) -> SA | C994: =IF(ISBLANK('Master Submitted DPDs'!$B317),"","IH") -> IH | D994: =LOOKUP($F994,'fuzzy LPA lookup'!$E:$E,'fuzzy LPA lookup'!$A:$A) -> V2825 | E994: =LOOKUP($F994,'fuzzy LPA lookup'!$E:$E,'fuzzy LPA lookup'!$D:$D) -> Northampton Borough Council | F994: =IF(ISBLANK('Master Submitted DPDs'!B317),"",'Master Submitted DPDs'!B317) -> 1923 | G994: =IF(ISBLANK('Master Submitted DPDs'!AS317),"","Withdrawn") | H994: =IF(ISBLANK('Master Submitted DPDs'!AS317),"",'Master Submitted DPDs'!AS317) | L994: =IF(ISBLANK('Master Submitted DPDs'!J317),"",'Master Submitted DPDs'!J317) -> 44231 | M994: =L994 -> 44231 | N994: =IF(ISBLANK('Master Submitted DPDs'!M317),IF(ISBLANK('Master Submitted DPDs'!O317),"",'Master Submitted DPDs'!O317),'Master Submitted DPDs'!M317) -> 44236 | O994: =IF(ISBLANK('Master Submitted DPDs'!Q317),"",'Master Submitted DPDs'!Q317) -> 44530 | P994: =IF(ISBLANK('Master Submitted DPDs'!AO317),"",'Master Submitted DPDs'!AO317) -> 44960 | Q994: =IF(ISBLANK('Master Submitted DPDs'!AU317),"",'Master Submitted DPDs'!AU317) -> SOU | R994: =IF(F994="","",IF(AND(H994="",Q994<>"UNS",P994=""),"Open","Closed")) -> Closed | T994: =IF(ISBLANK('Master Submitted DPDs'!G317),"",'Master Submitted DPDs'!G317) -> 2
A995: =IF(ISBLANK('Master Submitted DPDs'!$B318),"","Local Plans") -> Local Plans | B995: =IF(ISBLANK('Master Submitted DPDs'!F318),"",'Master Submitted DPDs'!F318) -> AAP | C995: =IF(ISBLANK('Master Submitted DPDs'!$B318),"","IH") -> IH | D995: =LOOKUP($F995,'fuzzy LPA lookup'!$E:$E,'fuzzy LPA lookup'!$A:$A) -> U3935 | E995: =LOOKUP($F995,'fuzzy LPA lookup'!$E:$E,'fuzzy LPA lookup'!$D:$D) -> Swindon Borough Council | F995: =IF(ISBLANK('Master Submitted DPDs'!B318),"",'Master Submitted DPDs'!B318) -> 2239 | G995: =IF(ISBLANK('Master Submitted DPDs'!AS318),"","Withdrawn") | H995: =IF(ISBLANK('Master Submitted DPDs'!AS318),"",'Master Submitted DPDs'!AS318) | L995: =IF(ISBLANK('Master Submitted DPDs'!J318),"",'Master Submitted DPDs'!J318) -> 44237 | M995: =L995 -> 44237 | N995: =IF(ISBLANK('Master Submitted DPDs'!M318),IF(ISBLANK('Master Submitted DPDs'!O318),"",'Master Submitted DPDs'!O318),'Master Submitted DPDs'!M318) -> 44257 | O995: =IF(ISBLANK('Master Submitted DPDs'!Q318),"",'Master Submitted DPDs'!Q318) -> 44385 | P995: =IF(ISBLANK('Master Submitted DPDs'!AO318),"",'Master Submitted DPDs'!AO318) -> 44986 | Q995: =IF(ISBLANK('Master Submitted DPDs'!AU318),"",'Master Submitted DPDs'!AU318) -> SOU | R995: =IF(F995="","",IF(AND(H995="",Q995<>"UNS",P995=""),"Open","Closed")) -> Closed | T995: =IF(ISBLANK('Master Submitted DPDs'!G318),"",'Master Submitted DPDs'!G318) -> 2
A996: =IF(ISBLANK('Master Submitted DPDs'!$B319),"","Local Plans") -> Local Plans | B996: =IF(ISBLANK('Master Submitted DPDs'!F319),"",'Master Submitted DPDs'!F319) -> LP | C996: =IF(ISBLANK('Master Submitted DPDs'!$B319),"","IH") -> IH | D996: =LOOKUP($F996,'fuzzy LPA lookup'!$E:$E,'fuzzy LPA lookup'!$A:$A) -> Z0923 | E996: =LOOKUP($F996,'fuzzy LPA lookup'!$E:$E,'fuzzy LPA lookup'!$D:$D) -> Copeland Borough Council | F996: =IF(ISBLANK('Master Submitted DPDs'!B319),"",'Master Submitted DPDs'!B319) -> 1374 | G996: =IF(ISBLANK('Master Submitted DPDs'!AS319),"","Withdrawn") -> Withdrawn | H996: =IF(ISBLANK('Master Submitted DPDs'!AS319),"",'Master Submitted DPDs'!AS319) -> 44636 | L996: =IF(ISBLANK('Master Submitted DPDs'!J319),"",'Master Submitted DPDs'!J319) -> 44239 | M996: =L996 -> 44239 | N996: =IF(ISBLANK('Master Submitted DPDs'!M319),IF(ISBLANK('Master Submitted DPDs'!O319),"",'Master Submitted DPDs'!O319),'Master Submitted DPDs'!M319) -> 44243 | O996: =IF(ISBLANK('Master Submitted DPDs'!Q319),"",'Master Submitted DPDs'!Q319) | P996: =IF(ISBLANK('Master Submitted DPDs'!AO319),"",'Master Submitted DPDs'!AO319) | Q996: =IF(ISBLANK('Master Submitted DPDs'!AU319),"",'Master Submitted DPDs'!AU319) -> DPDW | R996: =IF(F996="","",IF(AND(H996="",Q996<>"UNS",P996=""),"Open","Closed")) -> Closed | T996: =IF(ISBLANK('Master Submitted DPDs'!G319),"",'Master Submitted DPDs'!G319) -> 3
A997: =IF(ISBLANK('Master Submitted DPDs'!$B320),"","Local Plans") -> Local Plans | B997: =IF(ISBLANK('Master Submitted DPDs'!F320),"",'Master Submitted DPDs'!F320) -> M&W | C997: =IF(ISBLANK('Master Submitted DPDs'!$B320),"","IH") -> IH | D997: =LOOKUP($F997,'fuzzy LPA lookup'!$E:$E,'fuzzy LPA lookup'!$A:$A) -> H4505 | E997: =LOOKUP($F997,'fuzzy LPA lookup'!$E:$E,'fuzzy LPA lookup'!$D:$D) -> Gateshead Metropolitan Borough Council | F997: =IF(ISBLANK('Master Submitted DPDs'!B320),"",'Master Submitted DPDs'!B320) -> 1961 | G997: =IF(ISBLANK('Master Submitted DPDs'!AS320),"","Withdrawn") | H997: =IF(ISBLANK('Master Submitted DPDs'!AS320),"",'Master Submitted DPDs'!AS320) | L997: =IF(ISBLANK('Master Submitted DPDs'!J320),"",'Master Submitted DPDs'!J320) -> 44252 | M997: =L997 -> 44252 | N997: =IF(ISBLANK('Master Submitted DPDs'!M320),IF(ISBLANK('Master Submitted DPDs'!O320),"",'Master Submitted DPDs'!O320),'Master Submitted DPDs'!M320) -> 44286 | O997: =IF(ISBLANK('Master Submitted DPDs'!Q320),"",'Master Submitted DPDs'!Q320) -> 44481 | P997: =IF(ISBLANK('Master Submitted DPDs'!AO320),"",'Master Submitted DPDs'!AO320) -> 44854 | Q997: =IF(ISBLANK('Master Submitted DPDs'!AU320),"",'Master Submitted DPDs'!AU320) -> SOU | R997: =IF(F997="","",IF(AND(H997="",Q997<>"UNS",P997=""),"Open","Closed")) -> Closed | T997: =IF(ISBLANK('Master Submitted DPDs'!G320),"",'Master Submitted DPDs'!G320) -> 2
A998: =IF(ISBLANK('Master Submitted DPDs'!$B321),"","Local Plans") -> Local Plans | B998: =IF(ISBLANK('Master Submitted DPDs'!F321),"",'Master Submitted DPDs'!F321) -> SA | C998: =IF(ISBLANK('Master Submitted DPDs'!$B321),"","IH") -> IH | D998: =LOOKUP($F998,'fuzzy LPA lookup'!$E:$E,'fuzzy LPA lookup'!$A:$A) -> U3935 | E998: =LOOKUP($F998,'fuzzy LPA lookup'!$E:$E,'fuzzy LPA lookup'!$D:$D) -> Swindon Borough Council | F998: =IF(ISBLANK('Master Submitted DPDs'!B321),"",'Master Submitted DPDs'!B321) -> 2250 | G998: =IF(ISBLANK('Master Submitted DPDs'!AS321),"","Withdrawn") | H998: =IF(ISBLANK('Master Submitted DPDs'!AS321),"",'Master Submitted DPDs'!AS321) | L998: =IF(ISBLANK('Master Submitted DPDs'!J321),"",'Master Submitted DPDs'!J321) -> 44281 | M998: =L998 -> 44281 | N998: =IF(ISBLANK('Master Submitted DPDs'!M321),IF(ISBLANK('Master Submitted DPDs'!O321),"",'Master Submitted DPDs'!O321),'Master Submitted DPDs'!M321) -> 44186 | O998: =IF(ISBLANK('Master Submitted DPDs'!Q321),"",'Master Submitted DPDs'!Q321) -> 44699 | P998: =IF(ISBLANK('Master Submitted DPDs'!AO321),"",'Master Submitted DPDs'!AO321) -> 45293 | Q998: =IF(ISBLANK('Master Submitted DPDs'!AU321),"",'Master Submitted DPDs'!AU321) -> SOU | R998: =IF(F998="","",IF(AND(H998="",Q998<>"UNS",P998=""),"Open","Closed")) -> Closed | T998: =IF(ISBLANK('Master Submitted DPDs'!G321),"",'Master Submitted DPDs'!G321) -> 3
A999: =IF(ISBLANK('Master Submitted DPDs'!$B322),"","Local Plans") -> Local Plans | B999: =IF(ISBLANK('Master Submitted DPDs'!F322),"",'Master Submitted DPDs'!F322) -> SA | C999: =IF(ISBLANK('Master Submitted DPDs'!$B322),"","IH") -> IH | D999: =LOOKUP($F999,'fuzzy LPA lookup'!$E:$E,'fuzzy LPA lookup'!$A:$A) -> B3600 | E999: =LOOKUP($F999,'fuzzy LPA lookup'!$E:$E,'fuzzy LPA lookup'!$D:$D) -> Surrey County Council | F999: =IF(ISBLANK('Master Submitted DPDs'!B322),"",'Master Submitted DPDs'!B322) -> 2083 | G999: =IF(ISBLANK('Master Submitted DPDs'!AS322),"","Withdrawn") | H999: =IF(ISBLANK('Master Submitted DPDs'!AS322),"",'Master Submitted DPDs'!AS322) | L999: =IF(ISBLANK('Master Submitted DPDs'!J322),"",'Master Submitted DPDs'!J322) -> 44284 | M999: =L999 -> 44284 | N999: =IF(ISBLANK('Master Submitted DPDs'!M322),IF(ISBLANK('Master Submitted DPDs'!O322),"",'Master Submitted DPDs'!O322),'Master Submitted DPDs'!M322) -> 44312 | O999: =IF(ISBLANK('Master Submitted DPDs'!Q322),"",'Master Submitted DPDs'!Q322) -> 44686 | P999: =IF(ISBLANK('Master Submitted DPDs'!AO322),"",'Master Submitted DPDs'!AO322) -> 45138 | Q999: =IF(ISBLANK('Master Submitted DPDs'!AU322),"",'Master Submitted DPDs'!AU322) -> SOU | R999: =IF(F999="","",IF(AND(H999="",Q999<>"UNS",P999=""),"Open","Closed")) -> Closed | T999: =IF(ISBLANK('Master Submitted DPDs'!G322),"",'Master Submitted DPDs'!G322) -> 3
A1000: =IF(ISBLANK('Master Submitted DPDs'!$B323),"","Local Plans") -> Local Plans | B1000: =IF(ISBLANK('Master Submitted DPDs'!F323),"",'Master Submitted DPDs'!F323) -> LP | C1000: =IF(ISBLANK('Master Submitted DPDs'!$B323),"","IH") -> IH | D1000: =LOOKUP($F1000,'fuzzy LPA lookup'!$E:$E,'fuzzy LPA lookup'!$A:$A) -> H4505 | E1000: =LOOKUP($F1000,'fuzzy LPA lookup'!$E:$E,'fuzzy LPA lookup'!$D:$D) -> Gateshead Metropolitan Borough Council | F1000: =IF(ISBLANK('Master Submitted DPDs'!B323),"",'Master Submitted DPDs'!B323) -> 1966 | G1000: =IF(ISBLANK('Master Submitted DPDs'!AS323),"","Withdrawn") | H1000: =IF(ISBLANK('Master Submitted DPDs'!AS323),"",'Master Submitted DPDs'!AS323) | L1000: =IF(ISBLANK('Master Submitted DPDs'!J323),"",'Master Submitted DPDs'!J323) -> 44286 | M1000: =L1000 -> 44286 | N1000: =IF(ISBLANK('Master Submitted DPDs'!M323),IF(ISBLANK('Master Submitted DPDs'!O323),"",'Master Submitted DPDs'!O323),'Master Submitted DPDs'!M323) -> 44292 | O1000: =IF(ISBLANK('Master Submitted DPDs'!Q323),"",'Master Submitted DPDs'!Q323) -> 45105 | P1000: =IF(ISBLANK('Master Submitted DPDs'!AO323),"",'Master Submitted DPDs'!AO323) -> 45188 | Q1000: =IF(ISBLANK('Master Submitted DPDs'!AU323),"",'Master Submitted DPDs'!AU323) -> SOU | R1000: =IF(F1000="","",IF(AND(H1000="",Q1000<>"UNS",P1000=""),"Open","Closed")) -> Closed | T1000: =IF(ISBLANK('Master Submitted DPDs'!G323),"",'Master Submitted DPDs'!G323) -> 3
A1001: =IF(ISBLANK('Master Submitted DPDs'!$B324),"","Local Plans") -> Local Plans | B1001: =IF(ISBLANK('Master Submitted DPDs'!F324),"",'Master Submitted DPDs'!F324) -> SA | C1001: =IF(ISBLANK('Master Submitted DPDs'!$B324),"","IH") -> IH | D1001: =LOOKUP($F1001,'fuzzy LPA lookup'!$E:$E,'fuzzy LPA lookup'!$A:$A) -> U1105 | E1001: =LOOKUP($F1001,'fuzzy LPA lookup'!$E:$E,'fuzzy LPA lookup'!$D:$D) -> East Devon District Council | F1001: =IF(ISBLANK('Master Submitted DPDs'!B324),"",'Master Submitted DPDs'!B324) -> 2022 | G1001: =IF(ISBLANK('Master Submitted DPDs'!AS324),"","Withdrawn") | H1001: =IF(ISBLANK('Master Submitted DPDs'!AS324),"",'Master Submitted DPDs'!AS324) | L1001: =IF(ISBLANK('Master Submitted DPDs'!J324),"",'Master Submitted DPDs'!J324) -> 44315 | M1001: =L1001 -> 44315 | N1001: =IF(ISBLANK('Master Submitted DPDs'!M324),IF(ISBLANK('Master Submitted DPDs'!O324),"",'Master Submitted DPDs'!O324),'Master Submitted DPDs'!M324) -> 44316 | O1001: =IF(ISBLANK('Master Submitted DPDs'!Q324),"",'Master Submitted DPDs'!Q324) -> 44504 | P1001: =IF(ISBLANK('Master Submitted DPDs'!AO324),"",'Master Submitted DPDs'!AO324) -> 44851 | Q1001: =IF(ISBLANK('Master Submitted DPDs'!AU324),"",'Master Submitted DPDs'!AU324) -> SOU | R1001: =IF(F1001="","",IF(AND(H1001="",Q1001<>"UNS",P1001=""),"Open","Closed")) -> Closed | T1001: =IF(ISBLANK('Master Submitted DPDs'!G324),"",'Master Submitted DPDs'!G324) -> 2
A1002: =IF(ISBLANK('Master Submitted DPDs'!$B325),"","Local Plans") -> Local Plans | B1002: =IF(ISBLANK('Master Submitted DPDs'!F325),"",'Master Submitted DPDs'!F325) -> LP | C1002: =IF(ISBLANK('Master Submitted DPDs'!$B325),"","IH") -> IH | D1002: =LOOKUP($F1002,'fuzzy LPA lookup'!$E:$E,'fuzzy LPA lookup'!$A:$A) -> Z0835 | E1002: =LOOKUP($F1002,'fuzzy LPA lookup'!$E:$E,'fuzzy LPA lookup'!$D:$D) -> The Isles of Scilly Council | F1002: =IF(ISBLANK('Master Submitted DPDs'!B325),"",'Master Submitted DPDs'!B325) -> 1977 | G1002: =IF(ISBLANK('Master Submitted DPDs'!AS325),"","Withdrawn") | H1002: =IF(ISBLANK('Master Submitted DPDs'!AS325),"",'Master Submitted DPDs'!AS325) | L1002: =IF(ISBLANK('Master Submitted DPDs'!J325),"",'Master Submitted DPDs'!J325) -> 44316 | M1002: =L1002 -> 44316 | N1002: =IF(ISBLANK('Master Submitted DPDs'!M325),IF(ISBLANK('Master Submitted DPDs'!O325),"",'Master Submitted DPDs'!O325),'Master Submitted DPDs'!M325) -> 44322 | O1002: =IF(ISBLANK('Master Submitted DPDs'!Q325),"",'Master Submitted DPDs'!Q325) -> 44995 | P1002: =IF(ISBLANK('Master Submitted DPDs'!AO325),"",'Master Submitted DPDs'!AO325) -> 45299 | Q1002: =IF(ISBLANK('Master Submitted DPDs'!AU325),"",'Master Submitted DPDs'!AU325) -> SOU | R1002: =IF(F1002="","",IF(AND(H1002="",Q1002<>"UNS",P1002=""),"Open","Closed")) -> Closed | T1002: =IF(ISBLANK('Master Submitted DPDs'!G325),"",'Master Submitted DPDs'!G325) -> 3
A1003: =IF(ISBLANK('Master Submitted DPDs'!$B326),"","Local Plans") -> Local Plans | B1003: =IF(ISBLANK('Master Submitted DPDs'!F326),"",'Master Submitted DPDs'!F326) -> LP | C1003: =IF(ISBLANK('Master Submitted DPDs'!$B326),"","IH") -> IH | D1003: =LOOKUP($F1003,'fuzzy LPA lookup'!$E:$E,'fuzzy LPA lookup'!$A:$A) -> V3500 | E1003: =LOOKUP($F1003,'fuzzy LPA lookup'!$E:$E,'fuzzy LPA lookup'!$D:$D) -> Suffolk County Council | F1003: =IF(ISBLANK('Master Submitted DPDs'!B326),"",'Master Submitted DPDs'!B326) -> 2070 | G1003: =IF(ISBLANK('Master Submitted DPDs'!AS326),"","Withdrawn") | H1003: =IF(ISBLANK('Master Submitted DPDs'!AS326),"",'Master Submitted DPDs'!AS326) | L1003: =IF(ISBLANK('Master Submitted DPDs'!J326),"",'Master Submitted DPDs'!J326) -> 44320 | M1003: =L1003 -> 44320 | N1003: =IF(ISBLANK('Master Submitted DPDs'!M326),IF(ISBLANK('Master Submitted DPDs'!O326),"",'Master Submitted DPDs'!O326),'Master Submitted DPDs'!M326) -> 44326 | O1003: =IF(ISBLANK('Master Submitted DPDs'!Q326),"",'Master Submitted DPDs'!Q326) -> 44937 | P1003: =IF(ISBLANK('Master Submitted DPDs'!AO326),"",'Master Submitted DPDs'!AO326) -> 45236 | Q1003: =IF(ISBLANK('Master Submitted DPDs'!AU326),"",'Master Submitted DPDs'!AU326) -> SOU | R1003: =IF(F1003="","",IF(AND(H1003="",Q1003<>"UNS",P1003=""),"Open","Closed")) -> Closed | T1003: =IF(ISBLANK('Master Submitted DPDs'!G326),"",'Master Submitted DPDs'!G326) -> 3
... A1012: =IF(ISBLANK('Master Submitted DPDs'!$B335),"","Local Plans") -> Local Plans | B1012: =IF(ISBLANK('Master Submitted DPDs'!F335),"",'Master Submitted DPDs'!F335) -> LP | C1012: =IF(ISBLANK('Master Submitted DPDs'!$B335),"","IH") -> IH | D1012: =LOOKUP($F1012,'fuzzy LPA lookup'!$E:$E,'fuzzy LPA lookup'!$A:$A) -> U1105 | E1012: =LOOKUP($F1012,'fuzzy LPA lookup'!$E:$E,'fuzzy LPA lookup'!$D:$D) -> East Devon District Council | F1012: =IF(ISBLANK('Master Submitted DPDs'!B335),"",'Master Submitted DPDs'!B335) -> 2011 | G1012: =IF(ISBLANK('Master Submitted DPDs'!AS335),"","Withdrawn") -> Withdrawn | H1012: =IF(ISBLANK('Master Submitted DPDs'!AS335),"",'Master Submitted DPDs'!AS335) -> 45863 | L1012: =IF(ISBLANK('Master Submitted DPDs'!J335),"",'Master Submitted DPDs'!J335) -> 44442 | M1012: =L1012 -> 44442 | N1012: =IF(ISBLANK('Master Submitted DPDs'!M335),IF(ISBLANK('Master Submitted DPDs'!O335),"",'Master Submitted DPDs'!O335),'Master Submitted DPDs'!M335) -> 44459 | O1012: =IF(ISBLANK('Master Submitted DPDs'!Q335),"",'Master Submitted DPDs'!Q335) | P1012: =IF(ISBLANK('Master Submitted DPDs'!AO335),"",'Master Submitted DPDs'!AO335) | Q1012: =IF(ISBLANK('Master Submitted DPDs'!AU335),"",'Master Submitted DPDs'!AU335) -> DPDW | R1012: =IF(F1012="","",IF(AND(H1012="",Q1012<>"UNS",P1012=""),"Open","Closed")) -> Closed | T1012: =IF(ISBLANK('Master Submitted DPDs'!G335),"",'Master Submitted DPDs'!G335) -> 3
A1013: =IF(ISBLANK('Master Submitted DPDs'!$B338),"","Local Plans") -> Local Plans | B1013: =IF(ISBLANK('Master Submitted DPDs'!F338),"",'Master Submitted DPDs'!F338) -> LP | C1013: =IF(ISBLANK('Master Submitted DPDs'!$B338),"","IH") -> IH | D1013: =LOOKUP($F1013,'fuzzy LPA lookup'!$E:$E,'fuzzy LPA lookup'!$A:$A) -> H4505 | E1013: =LOOKUP($F1013,'fuzzy LPA lookup'!$E:$E,'fuzzy LPA lookup'!$D:$D) -> Gateshead Metropolitan Borough Council | F1013: =IF(ISBLANK('Master Submitted DPDs'!B338),"",'Master Submitted DPDs'!B338) -> 1964 | G1013: =IF(ISBLANK('Master Submitted DPDs'!AS338),"","Withdrawn") | H1013: =IF(ISBLANK('Master Submitted DPDs'!AS338),"",'Master Submitted DPDs'!AS338) | L1013: =IF(ISBLANK('Master Submitted DPDs'!J338),"",'Master Submitted DPDs'!J338) -> 44501 | M1013: =L1013 -> 44501 | N1013: =IF(ISBLANK('Master Submitted DPDs'!M338),IF(ISBLANK('Master Submitted DPDs'!O338),"",'Master Submitted DPDs'!O338),'Master Submitted DPDs'!M338) -> 44518 | O1013: =IF(ISBLANK('Master Submitted DPDs'!Q338),"",'Master Submitted DPDs'!Q338) -> 45610 | P1013: =IF(ISBLANK('Master Submitted DPDs'!AO338),"",'Master Submitted DPDs'!AO338) -> 45944 | Q1013: =IF(ISBLANK('Master Submitted DPDs'!AU338),"",'Master Submitted DPDs'!AU338) -> SOU | R1013: =IF(F1013="","",IF(AND(H1013="",Q1013<>"UNS",P1013=""),"Open","Closed")) -> Closed | T1013: =IF(ISBLANK('Master Submitted DPDs'!G338),"",'Master Submitted DPDs'!G338) -> 3
A1014: =IF(ISBLANK('Master Submitted DPDs'!$B339),"","Local Plans") -> Local Plans | B1014: =IF(ISBLANK('Master Submitted DPDs'!F339),"",'Master Submitted DPDs'!F339) -> Other | C1014: =IF(ISBLANK('Master Submitted DPDs'!$B339),"","IH") -> IH | D1014: =LOOKUP($F1014,'fuzzy LPA lookup'!$E:$E,'fuzzy LPA lookup'!$A:$A) -> U3935 | E1014: =LOOKUP($F1014,'fuzzy LPA lookup'!$E:$E,'fuzzy LPA lookup'!$D:$D) -> Swindon Borough Council | F1014: =IF(ISBLANK('Master Submitted DPDs'!B339),"",'Master Submitted DPDs'!B339) -> 2255 | G1014: =IF(ISBLANK('Master Submitted DPDs'!AS339),"","Withdrawn") | H1014: =IF(ISBLANK('Master Submitted DPDs'!AS339),"",'Master Submitted DPDs'!AS339) | L1014: =IF(ISBLANK('Master Submitted DPDs'!J339),"",'Master Submitted DPDs'!J339) -> 44508 | M1014: =L1014 -> 44508 | N1014: =IF(ISBLANK('Master Submitted DPDs'!M339),IF(ISBLANK('Master Submitted DPDs'!O339),"",'Master Submitted DPDs'!O339),'Master Submitted DPDs'!M339) -> 44537 | O1014: =IF(ISBLANK('Master Submitted DPDs'!Q339),"",'Master Submitted DPDs'!Q339) -> 44736 | P1014: =IF(ISBLANK('Master Submitted DPDs'!AO339),"",'Master Submitted DPDs'!AO339) -> 44936 | Q1014: =IF(ISBLANK('Master Submitted DPDs'!AU339),"",'Master Submitted DPDs'!AU339) -> SOU | R1014: =IF(F1014="","",IF(AND(H1014="",Q1014<>"UNS",P1014=""),"Open","Closed")) -> Closed | T1014: =IF(ISBLANK('Master Submitted DPDs'!G339),"",'Master Submitted DPDs'!G339) -> 3
A1015: =IF(ISBLANK('Master Submitted DPDs'!$B340),"","Local Plans") -> Local Plans | B1015: =IF(ISBLANK('Master Submitted DPDs'!F340),"",'Master Submitted DPDs'!F340) -> AAP | C1015: =IF(ISBLANK('Master Submitted DPDs'!$B340),"","IH") -> IH | D1015: =LOOKUP($F1015,'fuzzy LPA lookup'!$E:$E,'fuzzy LPA lookup'!$A:$A) -> U3935 | E1015: =LOOKUP($F1015,'fuzzy LPA lookup'!$E:$E,'fuzzy LPA lookup'!$D:$D) -> Swindon Borough Council | F1015: =IF(ISBLANK('Master Submitted DPDs'!B340),"",'Master Submitted DPDs'!B340) -> 2253 | G1015: =IF(ISBLANK('Master Submitted DPDs'!AS340),"","Withdrawn") | H1015: =IF(ISBLANK('Master Submitted DPDs'!AS340),"",'Master Submitted DPDs'!AS340) | L1015: =IF(ISBLANK('Master Submitted DPDs'!J340),"",'Master Submitted DPDs'!J340) -> 44526 | M1015: =L1015 -> 44526 | N1015: =IF(ISBLANK('Master Submitted DPDs'!M340),IF(ISBLANK('Master Submitted DPDs'!O340),"",'Master Submitted DPDs'!O340),'Master Submitted DPDs'!M340) -> 44543 | O1015: =IF(ISBLANK('Master Submitted DPDs'!Q340),"",'Master Submitted DPDs'!Q340) -> 44659 | P1015: =IF(ISBLANK('Master Submitted DPDs'!AO340),"",'Master Submitted DPDs'!AO340) -> 44901 | Q1015: =IF(ISBLANK('Master Submitted DPDs'!AU340),"",'Master Submitted DPDs'!AU340) -> SOU | R1015: =IF(F1015="","",IF(AND(H1015="",Q1015<>"UNS",P1015=""),"Open","Closed")) -> Closed | T1015: =IF(ISBLANK('Master Submitted DPDs'!G340),"",'Master Submitted DPDs'!G340) -> 2
A1016: =IF(ISBLANK('Master Submitted DPDs'!#REF!),"","Local Plans") -> Local Plans | B1016: =IF(ISBLANK('Master Submitted DPDs'!F341),"",'Master Submitted DPDs'!F341) -> LP | C1016: =IF(ISBLANK('Master Submitted DPDs'!$B341),"","IH") -> IH | D1016: =LOOKUP($F1016,'fuzzy LPA lookup'!$E:$E,'fuzzy LPA lookup'!$A:$A) -> H4505 | E1016: =LOOKUP($F1016,'fuzzy LPA lookup'!$E:$E,'fuzzy LPA lookup'!$D:$D) -> Gateshead Metropolitan Borough Council | F1016: =IF(ISBLANK('Master Submitted DPDs'!B341),"",'Master Submitted DPDs'!B341) -> 1970 | G1016: =IF(ISBLANK('Master Submitted DPDs'!AS341),"","Withdrawn") | H1016: =IF(ISBLANK('Master Submitted DPDs'!AS341),"",'Master Submitted DPDs'!AS341) | L1016: =IF(ISBLANK('Master Submitted DPDs'!J341),"",'Master Submitted DPDs'!J341) -> 44526 | M1016: =L1016 -> 44526 | N1016: =IF(ISBLANK('Master Submitted DPDs'!M341),IF(ISBLANK('Master Submitted DPDs'!O341),"",'Master Submitted DPDs'!O341),'Master Submitted DPDs'!M341) -> 44543 | O1016: =IF(ISBLANK('Master Submitted DPDs'!Q341),"",'Master Submitted DPDs'!Q341) -> 44876 | P1016: =IF(ISBLANK('Master Submitted DPDs'!AO341),"",'Master Submitted DPDs'!AO341) -> 45602 | Q1016: =IF(ISBLANK('Master Submitted DPDs'!AU341),"",'Master Submitted DPDs'!AU341) -> SOU | R1016: =IF(F1016="","",IF(AND(H1016="",Q1016<>"UNS",P1016=""),"Open","Closed")) -> Closed | T1016: =IF(ISBLANK('Master Submitted DPDs'!G341),"",'Master Submitted DPDs'!G341) -> 3
A1017: =IF(ISBLANK('Master Submitted DPDs'!#REF!),"","Local Plans") -> Local Plans | B1017: =IF(ISBLANK('Master Submitted DPDs'!F342),"",'Master Submitted DPDs'!F342) -> LP | C1017: =IF(ISBLANK('Master Submitted DPDs'!$B342),"","IH") -> IH | D1017: =LOOKUP($F1017,'fuzzy LPA lookup'!$E:$E,'fuzzy LPA lookup'!$A:$A) -> U1105 | E1017: =LOOKUP($F1017,'fuzzy LPA lookup'!$E:$E,'fuzzy LPA lookup'!$D:$D) -> East Devon District Council | F1017: =IF(ISBLANK('Master Submitted DPDs'!B342),"",'Master Submitted DPDs'!B342) -> 2019 | G1017: =IF(ISBLANK('Master Submitted DPDs'!AS342),"","Withdrawn") | H1017: =IF(ISBLANK('Master Submitted DPDs'!AS342),"",'Master Submitted DPDs'!AS342) | L1017: =IF(ISBLANK('Master Submitted DPDs'!J342),"",'Master Submitted DPDs'!J342) -> 44530 | M1017: =L1017 -> 44530 | N1017: =IF(ISBLANK('Master Submitted DPDs'!M342),IF(ISBLANK('Master Submitted DPDs'!O342),"",'Master Submitted DPDs'!O342),'Master Submitted DPDs'!M342) -> 44543 | O1017: =IF(ISBLANK('Master Submitted DPDs'!Q342),"",'Master Submitted DPDs'!Q342) -> 44838 | P1017: =IF(ISBLANK('Master Submitted DPDs'!AO342),"",'Master Submitted DPDs'!AO342) -> 44985 | Q1017: =IF(ISBLANK('Master Submitted DPDs'!AU342),"",'Master Submitted DPDs'!AU342) -> SOU | R1017: =IF(F1017="","",IF(AND(H1017="",Q1017<>"UNS",P1017=""),"Open","Closed")) -> Closed | T1017: =IF(ISBLANK('Master Submitted DPDs'!G342),"",'Master Submitted DPDs'!G342) -> 3
A1018: =IF(ISBLANK('Master Submitted DPDs'!$B349),"","Local Plans") -> Local Plans | B1018: =IF(ISBLANK('Master Submitted DPDs'!F349),"",'Master Submitted DPDs'!F349) -> SA | C1018: =IF(ISBLANK('Master Submitted DPDs'!$B349),"","IH") -> IH | D1018: =LOOKUP($F1018,'fuzzy LPA lookup'!$E:$E,'fuzzy LPA lookup'!$A:$A) -> U3935 | E1018: =LOOKUP($F1018,'fuzzy LPA lookup'!$E:$E,'fuzzy LPA lookup'!$D:$D) -> Swindon Borough Council | F1018: =IF(ISBLANK('Master Submitted DPDs'!B349),"",'Master Submitted DPDs'!B349) -> 2242 | G1018: =IF(ISBLANK('Master Submitted DPDs'!AS349),"","Withdrawn") | H1018: =IF(ISBLANK('Master Submitted DPDs'!AS349),"",'Master Submitted DPDs'!AS349) | L1018: =IF(ISBLANK('Master Submitted DPDs'!J349),"",'Master Submitted DPDs'!J349) -> 44552 | M1018: =L1018 -> 44552 | N1018: =IF(ISBLANK('Master Submitted DPDs'!M349),IF(ISBLANK('Master Submitted DPDs'!O349),"",'Master Submitted DPDs'!O349),'Master Submitted DPDs'!M349) -> 44587 | O1018: =IF(ISBLANK('Master Submitted DPDs'!Q349),"",'Master Submitted DPDs'!Q349) -> 44810 | P1018: =IF(ISBLANK('Master Submitted DPDs'!AO349),"",'Master Submitted DPDs'!AO349) -> 44998 | Q1018: =IF(ISBLANK('Master Submitted DPDs'!AU349),"",'Master Submitted DPDs'!AU349) -> SOU | R1018: =IF(F1018="","",IF(AND(H1018="",Q1018<>"UNS",P1018=""),"Open","Closed")) -> Closed | T1018: =IF(ISBLANK('Master Submitted DPDs'!G349),"",'Master Submitted DPDs'!G349) -> 2
A1019: =IF(ISBLANK('Master Submitted DPDs'!$B350),"","Local Plans") -> Local Plans | B1019: =IF(ISBLANK('Master Submitted DPDs'!F350),"",'Master Submitted DPDs'!F350) -> LP | C1019: =IF(ISBLANK('Master Submitted DPDs'!$B350),"","IH") -> IH | D1019: =LOOKUP($F1019,'fuzzy LPA lookup'!$E:$E,'fuzzy LPA lookup'!$A:$A) -> E1855 | E1019: =LOOKUP($F1019,'fuzzy LPA lookup'!$E:$E,'fuzzy LPA lookup'!$D:$D) -> Worcestershire County Council | F1019: =IF(ISBLANK('Master Submitted DPDs'!B350),"",'Master Submitted DPDs'!B350) -> 2175 | G1019: =IF(ISBLANK('Master Submitted DPDs'!AS350),"","Withdrawn") | H1019: =IF(ISBLANK('Master Submitted DPDs'!AS350),"",'Master Submitted DPDs'!AS350) | L1019: =IF(ISBLANK('Master Submitted DPDs'!J350),"",'Master Submitted DPDs'!J350) -> 44606 | M1019: =L1019 -> 44606 | N1019: =IF(ISBLANK('Master Submitted DPDs'!M350),IF(ISBLANK('Master Submitted DPDs'!O350),"",'Master Submitted DPDs'!O350),'Master Submitted DPDs'!M350) -> 44621 | O1019: =IF(ISBLANK('Master Submitted DPDs'!Q350),"",'Master Submitted DPDs'!Q350) -> 45112 | P1019: =IF(ISBLANK('Master Submitted DPDs'!AO350),"",'Master Submitted DPDs'!AO350) -> 45336 | Q1019: =IF(ISBLANK('Master Submitted DPDs'!AU350),"",'Master Submitted DPDs'!AU350) -> SOU | R1019: =IF(F1019="","",IF(AND(H1019="",Q1019<>"UNS",P1019=""),"Open","Closed")) -> Closed | T1019: =IF(ISBLANK('Master Submitted DPDs'!G350),"",'Master Submitted DPDs'!G350) -> 3
A1020: =IF(ISBLANK('Master Submitted DPDs'!$B351),"","Local Plans") -> Local Plans | B1020: =IF(ISBLANK('Master Submitted DPDs'!F351),"",'Master Submitted DPDs'!F351) -> LP | C1020: =IF(ISBLANK('Master Submitted DPDs'!$B351),"","IH") -> IH | D1020: =LOOKUP($F1020,'fuzzy LPA lookup'!$E:$E,'fuzzy LPA lookup'!$A:$A) -> E1855 | E1020: =LOOKUP($F1020,'fuzzy LPA lookup'!$E:$E,'fuzzy LPA lookup'!$D:$D) -> Worcestershire County Council | F1020: =IF(ISBLANK('Master Submitted DPDs'!B351),"",'Master Submitted DPDs'!B351) -> 2153 | G1020: =IF(ISBLANK('Master Submitted DPDs'!AS351),"","Withdrawn") | H1020: =IF(ISBLANK('Master Submitted DPDs'!AS351),"",'Master Submitted DPDs'!AS351) | L1020: =IF(ISBLANK('Master Submitted DPDs'!J351),"",'Master Submitted DPDs'!J351) -> 44606 | M1020: =L1020 -> 44606 | N1020: =IF(ISBLANK('Master Submitted DPDs'!M351),IF(ISBLANK('Master Submitted DPDs'!O351),"",'Master Submitted DPDs'!O351),'Master Submitted DPDs'!M351) -> 44623 | O1020: =IF(ISBLANK('Master Submitted DPDs'!Q351),"",'Master Submitted DPDs'!Q351) -> 44862 | P1020: =IF(ISBLANK('Master Submitted DPDs'!AO351),"",'Master Submitted DPDs'!AO351) -> 45553 | Q1020: =IF(ISBLANK('Master Submitted DPDs'!AU351),"",'Master Submitted DPDs'!AU351) -> SOU | R1020: =IF(F1020="","",IF(AND(H1020="",Q1020<>"UNS",P1020=""),"Open","Closed")) -> Closed | T1020: =IF(ISBLANK('Master Submitted DPDs'!G351),"",'Master Submitted DPDs'!G351) -> 3
A1021: =IF(ISBLANK('Master Submitted DPDs'!$B352),"","Local Plans") -> Local Plans | B1021: =IF(ISBLANK('Master Submitted DPDs'!F352),"",'Master Submitted DPDs'!F352) -> M&W | C1021: =IF(ISBLANK('Master Submitted DPDs'!$B352),"","IH") -> IH | D1021: =LOOKUP($F1021,'fuzzy LPA lookup'!$E:$E,'fuzzy LPA lookup'!$A:$A) -> Z0835 | E1021: =LOOKUP($F1021,'fuzzy LPA lookup'!$E:$E,'fuzzy LPA lookup'!$D:$D) -> The Isles of Scilly Council | F1021: =IF(ISBLANK('Master Submitted DPDs'!B352),"",'Master Submitted DPDs'!B352) -> 2000 | G1021: =IF(ISBLANK('Master Submitted DPDs'!AS352),"","Withdrawn") | H1021: =IF(ISBLANK('Master Submitted DPDs'!AS352),"",'Master Submitted DPDs'!AS352) | L1021: =IF(ISBLANK('Master Submitted DPDs'!J352),"",'Master Submitted DPDs'!J352) -> 44642 | M1021: =L1021 -> 44642 | N1021: =IF(ISBLANK('Master Submitted DPDs'!M352),IF(ISBLANK('Master Submitted DPDs'!O352),"",'Master Submitted DPDs'!O352),'Master Submitted DPDs'!M352) -> 44662 | O1021: =IF(ISBLANK('Master Submitted DPDs'!Q352),"",'Master Submitted DPDs'!Q352) -> 44880 | P1021: =IF(ISBLANK('Master Submitted DPDs'!AO352),"",'Master Submitted DPDs'!AO352) -> 45230 | Q1021: =IF(ISBLANK('Master Submitted DPDs'!AU352),"",'Master Submitted DPDs'!AU352) -> SOU | R1021: =IF(F1021="","",IF(AND(H1021="",Q1021<>"UNS",P1021=""),"Open","Closed")) -> Closed | T1021: =IF(ISBLANK('Master Submitted DPDs'!G352),"",'Master Submitted DPDs'!G352) -> 2
A1022: =IF(ISBLANK('Master Submitted DPDs'!$B353),"","Local Plans") -> Local Plans | B1022: =IF(ISBLANK('Master Submitted DPDs'!F353),"",'Master Submitted DPDs'!F353) -> LP | C1022: =IF(ISBLANK('Master Submitted DPDs'!$B353),"","IH") -> IH | D1022: =LOOKUP($F1022,'fuzzy LPA lookup'!$E:$E,'fuzzy LPA lookup'!$A:$A) -> E1855 | E1022: =LOOKUP($F1022,'fuzzy LPA lookup'!$E:$E,'fuzzy LPA lookup'!$D:$D) -> Worcestershire County Council | F1022: =IF(ISBLANK('Master Submitted DPDs'!B353),"",'Master Submitted DPDs'!B353) -> 2105 | G1022: =IF(ISBLANK('Master Submitted DPDs'!AS353),"","Withdrawn") | H1022: =IF(ISBLANK('Master Submitted DPDs'!AS353),"",'Master Submitted DPDs'!AS353) | L1022: =IF(ISBLANK('Master Submitted DPDs'!J353),"",'Master Submitted DPDs'!J353) -> 44649 | M1022: =L1022 -> 44649 | N1022: =IF(ISBLANK('Master Submitted DPDs'!M353),IF(ISBLANK('Master Submitted DPDs'!O353),"",'Master Submitted DPDs'!O353),'Master Submitted DPDs'!M353) -> 44657 | O1022: =IF(ISBLANK('Master Submitted DPDs'!Q353),"",'Master Submitted DPDs'!Q353) -> 45538 | P1022: =IF(ISBLANK('Master Submitted DPDs'!AO353),"",'Master Submitted DPDs'!AO353) -> 45709 | Q1022: =IF(ISBLANK('Master Submitted DPDs'!AU353),"",'Master Submitted DPDs'!AU353) -> SOU | R1022: =IF(F1022="","",IF(AND(H1022="",Q1022<>"UNS",P1022=""),"Open","Closed")) -> Closed | T1022: =IF(ISBLANK('Master Submitted DPDs'!G353),"",'Master Submitted DPDs'!G353) -> 3
A1023: =IF(ISBLANK('Master Submitted DPDs'!$B354),"","Local Plans") -> Local Plans | B1023: =IF(ISBLANK('Master Submitted DPDs'!F354),"",'Master Submitted DPDs'!F354) -> LP | C1023: =IF(ISBLANK('Master Submitted DPDs'!$B354),"","IH") -> IH | D1023: =LOOKUP($F1023,'fuzzy LPA lookup'!$E:$E,'fuzzy LPA lookup'!$A:$A) -> E1855 | E1023: =LOOKUP($F1023,'fuzzy LPA lookup'!$E:$E,'fuzzy LPA lookup'!$D:$D) -> Worcestershire County Council | F1023: =IF(ISBLANK('Master Submitted DPDs'!B354),"",'Master Submitted DPDs'!B354) -> 2125 | G1023: =IF(ISBLANK('Master Submitted DPDs'!AS354),"","Withdrawn") | H1023: =IF(ISBLANK('Master Submitted DPDs'!AS354),"",'Master Submitted DPDs'!AS354) | L1023: =IF(ISBLANK('Master Submitted DPDs'!J354),"",'Master Submitted DPDs'!J354) -> 44651 | M1023: =L1023 -> 44651 | N1023: =IF(ISBLANK('Master Submitted DPDs'!M354),IF(ISBLANK('Master Submitted DPDs'!O354),"",'Master Submitted DPDs'!O354),'Master Submitted DPDs'!M354) -> 44663 | O1023: =IF(ISBLANK('Master Submitted DPDs'!Q354),"",'Master Submitted DPDs'!Q354) -> 45086 | P1023: =IF(ISBLANK('Master Submitted DPDs'!AO354),"",'Master Submitted DPDs'!AO354) -> 45359 | Q1023: =IF(ISBLANK('Master Submitted DPDs'!AU354),"",'Master Submitted DPDs'!AU354) -> SOU | R1023: =IF(F1023="","",IF(AND(H1023="",Q1023<>"UNS",P1023=""),"Open","Closed")) -> Closed | T1023: =IF(ISBLANK('Master Submitted DPDs'!G354),"",'Master Submitted DPDs'!G354) -> 3
A1024: =IF(ISBLANK('Master Submitted DPDs'!$B355),"","Local Plans") -> Local Plans | B1024: =IF(ISBLANK('Master Submitted DPDs'!F355),"",'Master Submitted DPDs'!F355) -> Other | C1024: =IF(ISBLANK('Master Submitted DPDs'!$B355),"","IH") -> IH | D1024: =LOOKUP($F1024,'fuzzy LPA lookup'!$E:$E,'fuzzy LPA lookup'!$A:$A) -> U3935 | E1024: =LOOKUP($F1024,'fuzzy LPA lookup'!$E:$E,'fuzzy LPA lookup'!$D:$D) -> Swindon Borough Council | F1024: =IF(ISBLANK('Master Submitted DPDs'!B355),"",'Master Submitted DPDs'!B355) -> 2268 | G1024: =IF(ISBLANK('Master Submitted DPDs'!AS355),"","Withdrawn") | H1024: =IF(ISBLANK('Master Submitted DPDs'!AS355),"",'Master Submitted DPDs'!AS355) | L1024: =IF(ISBLANK('Master Submitted DPDs'!J355),"",'Master Submitted DPDs'!J355) -> 44651 | M1024: =L1024 -> 44651 | N1024: =IF(ISBLANK('Master Submitted DPDs'!M355),IF(ISBLANK('Master Submitted DPDs'!O355),"",'Master Submitted DPDs'!O355),'Master Submitted DPDs'!M355) -> 44672 | O1024: =IF(ISBLANK('Master Submitted DPDs'!Q355),"",'Master Submitted DPDs'!Q355) -> 44841 | P1024: =IF(ISBLANK('Master Submitted DPDs'!AO355),"",'Master Submitted DPDs'!AO355) -> 45628 | Q1024: =IF(ISBLANK('Master Submitted DPDs'!AU355),"",'Master Submitted DPDs'!AU355) -> SOU | R1024: =IF(F1024="","",IF(AND(H1024="",Q1024<>"UNS",P1024=""),"Open","Closed")) -> Closed | T1024: =IF(ISBLANK('Master Submitted DPDs'!G355),"",'Master Submitted DPDs'!G355) -> 3
A1025: =IF(ISBLANK('Master Submitted DPDs'!$B357),"","Local Plans") -> Local Plans | B1025: =IF(ISBLANK('Master Submitted DPDs'!F357),"",'Master Submitted DPDs'!F357) -> LP | C1025: =IF(ISBLANK('Master Submitted DPDs'!$B357),"","IH") -> IH | D1025: =LOOKUP($F1025,'fuzzy LPA lookup'!$E:$E,'fuzzy LPA lookup'!$A:$A) -> B3600 | E1025: =LOOKUP($F1025,'fuzzy LPA lookup'!$E:$E,'fuzzy LPA lookup'!$D:$D) -> Surrey County Council | F1025: =IF(ISBLANK('Master Submitted DPDs'!B357),"",'Master Submitted DPDs'!B357) -> 2092 | G1025: =IF(ISBLANK('Master Submitted DPDs'!AS357),"","Withdrawn") | H1025: =IF(ISBLANK('Master Submitted DPDs'!AS357),"",'Master Submitted DPDs'!AS357) | L1025: =IF(ISBLANK('Master Submitted DPDs'!J357),"",'Master Submitted DPDs'!J357) -> 44673 | M1025: =L1025 -> 44673 | N1025: =IF(ISBLANK('Master Submitted DPDs'!M357),IF(ISBLANK('Master Submitted DPDs'!O357),"",'Master Submitted DPDs'!O357),'Master Submitted DPDs'!M357) -> 44687 | O1025: =IF(ISBLANK('Master Submitted DPDs'!Q357),"",'Master Submitted DPDs'!Q357) -> 45120 | P1025: =IF(ISBLANK('Master Submitted DPDs'!AO357),"",'Master Submitted DPDs'!AO357) -> 45222 | Q1025: =IF(ISBLANK('Master Submitted DPDs'!AU357),"",'Master Submitted DPDs'!AU357) -> SOU | R1025: =IF(F1025="","",IF(AND(H1025="",Q1025<>"UNS",P1025=""),"Open","Closed")) -> Closed | T1025: =IF(ISBLANK('Master Submitted DPDs'!G357),"",'Master Submitted DPDs'!G357) -> 3
A1026: =IF(ISBLANK('Master Submitted DPDs'!$B359),"","Local Plans") -> Local Plans | B1026: =IF(ISBLANK('Master Submitted DPDs'!F359),"",'Master Submitted DPDs'!F359) -> LP | C1026: =IF(ISBLANK('Master Submitted DPDs'!$B359),"","IH") -> IH | D1026: =LOOKUP($F1026,'fuzzy LPA lookup'!$E:$E,'fuzzy LPA lookup'!$A:$A) -> U3935 | E1026: =LOOKUP($F1026,'fuzzy LPA lookup'!$E:$E,'fuzzy LPA lookup'!$D:$D) -> Swindon Borough Council | F1026: =IF(ISBLANK('Master Submitted DPDs'!B359),"",'Master Submitted DPDs'!B359) -> 2266 | G1026: =IF(ISBLANK('Master Submitted DPDs'!AS359),"","Withdrawn") | H1026: =IF(ISBLANK('Master Submitted DPDs'!AS359),"",'Master Submitted DPDs'!AS359) | L1026: =IF(ISBLANK('Master Submitted DPDs'!J359),"",'Master Submitted DPDs'!J359) -> 44680 | M1026: =L1026 -> 44680 | N1026: =IF(ISBLANK('Master Submitted DPDs'!M359),IF(ISBLANK('Master Submitted DPDs'!O359),"",'Master Submitted DPDs'!O359),'Master Submitted DPDs'!M359) -> 44699 | O1026: =IF(ISBLANK('Master Submitted DPDs'!Q359),"",'Master Submitted DPDs'!Q359) -> 44894 | P1026: =IF(ISBLANK('Master Submitted DPDs'!AO359),"",'Master Submitted DPDs'!AO359) -> 45100 | Q1026: =IF(ISBLANK('Master Submitted DPDs'!AU359),"",'Master Submitted DPDs'!AU359) -> SOU | R1026: =IF(F1026="","",IF(AND(H1026="",Q1026<>"UNS",P1026=""),"Open","Closed")) -> Closed | T1026: =IF(ISBLANK('Master Submitted DPDs'!G359),"",'Master Submitted DPDs'!G359) -> 3
A1027: =IF(ISBLANK('Master Submitted DPDs'!$B361),"","Local Plans") -> Local Plans | B1027: =IF(ISBLANK('Master Submitted DPDs'!F361),"",'Master Submitted DPDs'!F361) -> DM | C1027: =IF(ISBLANK('Master Submitted DPDs'!$B361),"","IH") -> IH | D1027: =LOOKUP($F1027,'fuzzy LPA lookup'!$E:$E,'fuzzy LPA lookup'!$A:$A) -> U3935 | E1027: =LOOKUP($F1027,'fuzzy LPA lookup'!$E:$E,'fuzzy LPA lookup'!$D:$D) -> Swindon Borough Council | F1027: =IF(ISBLANK('Master Submitted DPDs'!B361),"",'Master Submitted DPDs'!B361) -> 2265 | G1027: =IF(ISBLANK('Master Submitted DPDs'!AS361),"","Withdrawn") | H1027: =IF(ISBLANK('Master Submitted DPDs'!AS361),"",'Master Submitted DPDs'!AS361) | L1027: =IF(ISBLANK('Master Submitted DPDs'!J361),"",'Master Submitted DPDs'!J361) -> 44729 | M1027: =L1027 -> 44729 | N1027: =IF(ISBLANK('Master Submitted DPDs'!M361),IF(ISBLANK('Master Submitted DPDs'!O361),"",'Master Submitted DPDs'!O361),'Master Submitted DPDs'!M361) -> 44732 | O1027: =IF(ISBLANK('Master Submitted DPDs'!Q361),"",'Master Submitted DPDs'!Q361) -> 44882 | P1027: =IF(ISBLANK('Master Submitted DPDs'!AO361),"",'Master Submitted DPDs'!AO361) -> 44984 | Q1027: =IF(ISBLANK('Master Submitted DPDs'!AU361),"",'Master Submitted DPDs'!AU361) -> SOU | R1027: =IF(F1027="","",IF(AND(H1027="",Q1027<>"UNS",P1027=""),"Open","Closed")) -> Closed | T1027: =IF(ISBLANK('Master Submitted DPDs'!G361),"",'Master Submitted DPDs'!G361) -> 2
A1028: =IF(ISBLANK('Master Submitted DPDs'!#REF!),"","Local Plans") -> Local Plans | B1028: =IF(ISBLANK('Master Submitted DPDs'!F362),"",'Master Submitted DPDs'!F362) -> Other | C1028: =IF(ISBLANK('Master Submitted DPDs'!$B362),"","IH") -> IH | D1028: =LOOKUP($F1028,'fuzzy LPA lookup'!$E:$E,'fuzzy LPA lookup'!$A:$A) -> U3935 | E1028: =LOOKUP($F1028,'fuzzy LPA lookup'!$E:$E,'fuzzy LPA lookup'!$D:$D) -> Swindon Borough Council | F1028: =IF(ISBLANK('Master Submitted DPDs'!B362),"",'Master Submitted DPDs'!B362) -> 2278 | G1028: =IF(ISBLANK('Master Submitted DPDs'!AS362),"","Withdrawn") | H1028: =IF(ISBLANK('Master Submitted DPDs'!AS362),"",'Master Submitted DPDs'!AS362) | L1028: =IF(ISBLANK('Master Submitted DPDs'!J362),"",'Master Submitted DPDs'!J362) -> 44742 | M1028: =L1028 -> 44742 | N1028: =IF(ISBLANK('Master Submitted DPDs'!M362),IF(ISBLANK('Master Submitted DPDs'!O362),"",'Master Submitted DPDs'!O362),'Master Submitted DPDs'!M362) -> 44742 | O1028: =IF(ISBLANK('Master Submitted DPDs'!Q362),"",'Master Submitted DPDs'!Q362) -> 44861 | P1028: =IF(ISBLANK('Master Submitted DPDs'!AO362),"",'Master Submitted DPDs'!AO362) -> 45278 | Q1028: =IF(ISBLANK('Master Submitted DPDs'!AU362),"",'Master Submitted DPDs'!AU362) -> SOU | R1028: =IF(F1028="","",IF(AND(H1028="",Q1028<>"UNS",P1028=""),"Open","Closed")) -> Closed | T1028: =IF(ISBLANK('Master Submitted DPDs'!G362),"",'Master Submitted DPDs'!G362) -> 2
A1029: =IF(ISBLANK('Master Submitted DPDs'!$B363),"","Local Plans") -> Local Plans | B1029: =IF(ISBLANK('Master Submitted DPDs'!F363),"",'Master Submitted DPDs'!F363) -> LP | C1029: =IF(ISBLANK('Master Submitted DPDs'!$B363),"","IH") -> IH | D1029: =LOOKUP($F1029,'fuzzy LPA lookup'!$E:$E,'fuzzy LPA lookup'!$A:$A) -> E1855 | E1029: =LOOKUP($F1029,'fuzzy LPA lookup'!$E:$E,'fuzzy LPA lookup'!$D:$D) -> Worcestershire County Council | F1029: =IF(ISBLANK('Master Submitted DPDs'!B363),"",'Master Submitted DPDs'!B363) -> 2152 | G1029: =IF(ISBLANK('Master Submitted DPDs'!AS363),"","Withdrawn") -> Withdrawn | H1029: =IF(ISBLANK('Master Submitted DPDs'!AS363),"",'Master Submitted DPDs'!AS363) -> 45216 | L1029: =IF(ISBLANK('Master Submitted DPDs'!J363),"",'Master Submitted DPDs'!J363) -> 44742 | M1029: =L1029 -> 44742 | N1029: =IF(ISBLANK('Master Submitted DPDs'!M363),IF(ISBLANK('Master Submitted DPDs'!O363),"",'Master Submitted DPDs'!O363),'Master Submitted DPDs'!M363) -> 44750 | O1029: =IF(ISBLANK('Master Submitted DPDs'!Q363),"",'Master Submitted DPDs'!Q363) | P1029: =IF(ISBLANK('Master Submitted DPDs'!AO363),"",'Master Submitted DPDs'!AO363) | Q1029: =IF(ISBLANK('Master Submitted DPDs'!AU363),"",'Master Submitted DPDs'!AU363) -> DPDW | R1029: =IF(F1029="","",IF(AND(H1029="",Q1029<>"UNS",P1029=""),"Open","Closed")) -> Closed | T1029: =IF(ISBLANK('Master Submitted DPDs'!G363),"",'Master Submitted DPDs'!G363) -> 3
A1030: =IF(ISBLANK('Master Submitted DPDs'!$B364),"","Local Plans") -> Local Plans | B1030: =IF(ISBLANK('Master Submitted DPDs'!F364),"",'Master Submitted DPDs'!F364) -> LP | C1030: =IF(ISBLANK('Master Submitted DPDs'!$B364),"","IH") -> IH | D1030: =LOOKUP($F1030,'fuzzy LPA lookup'!$E:$E,'fuzzy LPA lookup'!$A:$A) -> E1855 | E1030: =LOOKUP($F1030,'fuzzy LPA lookup'!$E:$E,'fuzzy LPA lookup'!$D:$D) -> Worcestershire County Council | F1030: =IF(ISBLANK('Master Submitted DPDs'!B364),"",'Master Submitted DPDs'!B364) -> 2110 | G1030: =IF(ISBLANK('Master Submitted DPDs'!AS364),"","Withdrawn") | H1030: =IF(ISBLANK('Master Submitted DPDs'!AS364),"",'Master Submitted DPDs'!AS364) | L1030: =IF(ISBLANK('Master Submitted DPDs'!J364),"",'Master Submitted DPDs'!J364) -> 44750 | M1030: =L1030 -> 44750 | N1030: =IF(ISBLANK('Master Submitted DPDs'!M364),IF(ISBLANK('Master Submitted DPDs'!O364),"",'Master Submitted DPDs'!O364),'Master Submitted DPDs'!M364) -> 44764 | O1030: =IF(ISBLANK('Master Submitted DPDs'!Q364),"",'Master Submitted DPDs'!Q364) -> 44911 | P1030: =IF(ISBLANK('Master Submitted DPDs'!AO364),"",'Master Submitted DPDs'!AO364) -> 45013 | Q1030: =IF(ISBLANK('Master Submitted DPDs'!AU364),"",'Master Submitted DPDs'!AU364) -> SOU | R1030: =IF(F1030="","",IF(AND(H1030="",Q1030<>"UNS",P1030=""),"Open","Closed")) -> Closed | T1030: =IF(ISBLANK('Master Submitted DPDs'!G364),"",'Master Submitted DPDs'!G364) -> 3
A1031: =IF(ISBLANK('Master Submitted DPDs'!$B365),"","Local Plans") -> Local Plans | B1031: =IF(ISBLANK('Master Submitted DPDs'!F365),"",'Master Submitted DPDs'!F365) -> LP | C1031: =IF(ISBLANK('Master Submitted DPDs'!$B365),"","IH") -> IH | D1031: =LOOKUP($F1031,'fuzzy LPA lookup'!$E:$E,'fuzzy LPA lookup'!$A:$A) -> E1855 | E1031: =LOOKUP($F1031,'fuzzy LPA lookup'!$E:$E,'fuzzy LPA lookup'!$D:$D) -> Worcestershire County Council | F1031: =IF(ISBLANK('Master Submitted DPDs'!B365),"",'Master Submitted DPDs'!B365) -> 2102 | G1031: =IF(ISBLANK('Master Submitted DPDs'!AS365),"","Withdrawn") | H1031: =IF(ISBLANK('Master Submitted DPDs'!AS365),"",'Master Submitted DPDs'!AS365) | L1031: =IF(ISBLANK('Master Submitted DPDs'!J365),"",'Master Submitted DPDs'!J365) -> 44760 | M1031: =L1031 -> 44760 | N1031: =IF(ISBLANK('Master Submitted DPDs'!M365),IF(ISBLANK('Master Submitted DPDs'!O365),"",'Master Submitted DPDs'!O365),'Master Submitted DPDs'!M365) -> 44767 | O1031: =IF(ISBLANK('Master Submitted DPDs'!Q365),"",'Master Submitted DPDs'!Q365) -> 44950 | P1031: =IF(ISBLANK('Master Submitted DPDs'!AO365),"",'Master Submitted DPDs'!AO365) -> 45343 | Q1031: =IF(ISBLANK('Master Submitted DPDs'!AU365),"",'Master Submitted DPDs'!AU365) -> SOU | R1031: =IF(F1031="","",IF(AND(H1031="",Q1031<>"UNS",P1031=""),"Open","Closed")) -> Closed | T1031: =IF(ISBLANK('Master Submitted DPDs'!G365),"",'Master Submitted DPDs'!G365) -> 3
A1032: =IF(ISBLANK('Master Submitted DPDs'!$B366),"","Local Plans") -> Local Plans | B1032: =IF(ISBLANK('Master Submitted DPDs'!F366),"",'Master Submitted DPDs'!F366) -> LP | C1032: =IF(ISBLANK('Master Submitted DPDs'!$B366),"","IH") -> IH | D1032: =LOOKUP($F1032,'fuzzy LPA lookup'!$E:$E,'fuzzy LPA lookup'!$A:$A) -> E1855 | E1032: =LOOKUP($F1032,'fuzzy LPA lookup'!$E:$E,'fuzzy LPA lookup'!$D:$D) -> Worcestershire County Council | F1032: =IF(ISBLANK('Master Submitted DPDs'!B366),"",'Master Submitted DPDs'!B366) -> 2181 | G1032: =IF(ISBLANK('Master Submitted DPDs'!AS366),"","Withdrawn") | H1032: =IF(ISBLANK('Master Submitted DPDs'!AS366),"",'Master Submitted DPDs'!AS366) | L1032: =IF(ISBLANK('Master Submitted DPDs'!J366),"",'Master Submitted DPDs'!J366) -> 44761 | M1032: =L1032 -> 44761 | N1032: =IF(ISBLANK('Master Submitted DPDs'!M366),IF(ISBLANK('Master Submitted DPDs'!O366),"",'Master Submitted DPDs'!O366),'Master Submitted DPDs'!M366) -> 44767 | O1032: =IF(ISBLANK('Master Submitted DPDs'!Q366),"",'Master Submitted DPDs'!Q366) -> 45013 | P1032: =IF(ISBLANK('Master Submitted DPDs'!AO366),"",'Master Submitted DPDs'!AO366) -> 45204 | Q1032: =IF(ISBLANK('Master Submitted DPDs'!AU366),"",'Master Submitted DPDs'!AU366) -> SOU | R1032: =IF(F1032="","",IF(AND(H1032="",Q1032<>"UNS",P1032=""),"Open","Closed")) -> Closed | T1032: =IF(ISBLANK('Master Submitted DPDs'!G366),"",'Master Submitted DPDs'!G366) -> 3
A1033: =IF(ISBLANK('Master Submitted DPDs'!#REF!),"","Local Plans") -> Local Plans | B1033: =IF(ISBLANK('Master Submitted DPDs'!#REF!),"",'Master Submitted DPDs'!#REF!) -> #REF! | C1033: =IF(ISBLANK('Master Submitted DPDs'!#REF!),"","IH") -> IH | D1033: =LOOKUP($F1033,'fuzzy LPA lookup'!$E:$E,'fuzzy LPA lookup'!$A:$A) -> #REF! | E1033: =LOOKUP($F1033,'fuzzy LPA lookup'!$E:$E,'fuzzy LPA lookup'!$D:$D) -> #REF! | F1033: =IF(ISBLANK('Master Submitted DPDs'!#REF!),"",'Master Submitted DPDs'!#REF!) -> #REF! | G1033: =IF(ISBLANK('Master Submitted DPDs'!#REF!),"","Withdrawn") -> Withdrawn | H1033: =IF(ISBLANK('Master Submitted DPDs'!#REF!),"",'Master Submitted DPDs'!#REF!) -> #REF! | L1033: =IF(ISBLANK('Master Submitted DPDs'!#REF!),"",'Master Submitted DPDs'!#REF!) -> #REF! | M1033: =L1033 -> #REF! | N1033: =IF(ISBLANK('Master Submitted DPDs'!#REF!),IF(ISBLANK('Master Submitted DPDs'!#REF!),"",'Master Submitted DPDs'!#REF!),'Master Submitted DPDs'!#REF!) -> #REF! | O1033: =IF(ISBLANK('Master Submitted DPDs'!#REF!),"",'Master Submitted DPDs'!#REF!) -> #REF! | P1033: =IF(ISBLANK('Master Submitted DPDs'!#REF!),"",'Master Submitted DPDs'!#REF!) -> #REF! | Q1033: =IF(ISBLANK('Master Submitted DPDs'!#REF!),"",'Master Submitted DPDs'!#REF!) -> #REF! | R1033: =IF(F1033="","",IF(AND(H1033="",Q1033<>"UNS",P1033=""),"Open","Closed")) -> #REF! | T1033: =IF(ISBLANK('Master Submitted DPDs'!#REF!),"",'Master Submitted DPDs'!#REF!) -> #REF!
A1034: =IF(ISBLANK('Master Submitted DPDs'!$B367),"","Local Plans") -> Local Plans | B1034: =IF(ISBLANK('Master Submitted DPDs'!F367),"",'Master Submitted DPDs'!F367) -> LP | C1034: =IF(ISBLANK('Master Submitted DPDs'!$B367),"","IH") -> IH | D1034: =LOOKUP($F1034,'fuzzy LPA lookup'!$E:$E,'fuzzy LPA lookup'!$A:$A) -> E1855 | E1034: =LOOKUP($F1034,'fuzzy LPA lookup'!$E:$E,'fuzzy LPA lookup'!$D:$D) -> Worcestershire County Council | F1034: =IF(ISBLANK('Master Submitted DPDs'!B367),"",'Master Submitted DPDs'!B367) -> 2104 | G1034: =IF(ISBLANK('Master Submitted DPDs'!AS367),"","Withdrawn") | H1034: =IF(ISBLANK('Master Submitted DPDs'!AS367),"",'Master Submitted DPDs'!AS367) | L1034: =IF(ISBLANK('Master Submitted DPDs'!J367),"",'Master Submitted DPDs'!J367) -> 44778 | M1034: =L1034 -> 44778 | N1034: =IF(ISBLANK('Master Submitted DPDs'!M367),IF(ISBLANK('Master Submitted DPDs'!O367),"",'Master Submitted DPDs'!O367),'Master Submitted DPDs'!M367) -> 44783 | O1034: =IF(ISBLANK('Master Submitted DPDs'!Q367),"",'Master Submitted DPDs'!Q367) -> 44987 | P1034: =IF(ISBLANK('Master Submitted DPDs'!AO367),"",'Master Submitted DPDs'!AO367) -> 45271 | Q1034: =IF(ISBLANK('Master Submitted DPDs'!AU367),"",'Master Submitted DPDs'!AU367) -> SOU | R1034: =IF(F1034="","",IF(AND(H1034="",Q1034<>"UNS",P1034=""),"Open","Closed")) -> Closed | T1034: =IF(ISBLANK('Master Submitted DPDs'!G367),"",'Master Submitted DPDs'!G367) -> 3
A1035: =IF(ISBLANK('Master Submitted DPDs'!$B368),"","Local Plans") -> Local Plans | B1035: =IF(ISBLANK('Master Submitted DPDs'!F368),"",'Master Submitted DPDs'!F368) -> LP | C1035: =IF(ISBLANK('Master Submitted DPDs'!$B368),"","IH") -> IH | D1035: =LOOKUP($F1035,'fuzzy LPA lookup'!$E:$E,'fuzzy LPA lookup'!$A:$A) -> A4710 | E1035: =LOOKUP($F1035,'fuzzy LPA lookup'!$E:$E,'fuzzy LPA lookup'!$D:$D) -> Calderdale Metropolitan Borough Council | F1035: =IF(ISBLANK('Master Submitted DPDs'!B368),"",'Master Submitted DPDs'!B368) -> 2008 | G1035: =IF(ISBLANK('Master Submitted DPDs'!AS368),"","Withdrawn") | H1035: =IF(ISBLANK('Master Submitted DPDs'!AS368),"",'Master Submitted DPDs'!AS368) | L1035: =IF(ISBLANK('Master Submitted DPDs'!J368),"",'Master Submitted DPDs'!J368) -> 44820 | M1035: =L1035 -> 44820 | N1035: =IF(ISBLANK('Master Submitted DPDs'!M368),IF(ISBLANK('Master Submitted DPDs'!O368),"",'Master Submitted DPDs'!O368),'Master Submitted DPDs'!M368) -> 44824 | O1035: =IF(ISBLANK('Master Submitted DPDs'!Q368),"",'Master Submitted DPDs'!Q368) -> 45146 | P1035: =IF(ISBLANK('Master Submitted DPDs'!AO368),"",'Master Submitted DPDs'!AO368) -> 45558 | Q1035: =IF(ISBLANK('Master Submitted DPDs'!AU368),"",'Master Submitted DPDs'!AU368) -> SOU | R1035: =IF(F1035="","",IF(AND(H1035="",Q1035<>"UNS",P1035=""),"Open","Closed")) -> Closed | T1035: =IF(ISBLANK('Master Submitted DPDs'!G368),"",'Master Submitted DPDs'!G368) -> 3
A1036: =IF(ISBLANK('Master Submitted DPDs'!$B369),"","Local Plans") -> Local Plans | B1036: =IF(ISBLANK('Master Submitted DPDs'!F369),"",'Master Submitted DPDs'!F369) -> Other | C1036: =IF(ISBLANK('Master Submitted DPDs'!$B369),"","IH") -> IH | D1036: =LOOKUP($F1036,'fuzzy LPA lookup'!$E:$E,'fuzzy LPA lookup'!$A:$A) -> U3935 | E1036: =LOOKUP($F1036,'fuzzy LPA lookup'!$E:$E,'fuzzy LPA lookup'!$D:$D) -> Swindon Borough Council | F1036: =IF(ISBLANK('Master Submitted DPDs'!B369),"",'Master Submitted DPDs'!B369) -> 2231 | G1036: =IF(ISBLANK('Master Submitted DPDs'!AS369),"","Withdrawn") | H1036: =IF(ISBLANK('Master Submitted DPDs'!AS369),"",'Master Submitted DPDs'!AS369) | L1036: =IF(ISBLANK('Master Submitted DPDs'!J369),"",'Master Submitted DPDs'!J369) -> 44851 | M1036: =L1036 -> 44851 | N1036: =IF(ISBLANK('Master Submitted DPDs'!M369),IF(ISBLANK('Master Submitted DPDs'!O369),"",'Master Submitted DPDs'!O369),'Master Submitted DPDs'!M369) -> 44872 | O1036: =IF(ISBLANK('Master Submitted DPDs'!Q369),"",'Master Submitted DPDs'!Q369) -> 44994 | P1036: =IF(ISBLANK('Master Submitted DPDs'!AO369),"",'Master Submitted DPDs'!AO369) -> 45391 | Q1036: =IF(ISBLANK('Master Submitted DPDs'!AU369),"",'Master Submitted DPDs'!AU369) -> SOU | R1036: =IF(F1036="","",IF(AND(H1036="",Q1036<>"UNS",P1036=""),"Open","Closed")) -> Closed | T1036: =IF(ISBLANK('Master Submitted DPDs'!G369),"",'Master Submitted DPDs'!G369) -> 2
A1037: =IF(ISBLANK('Master Submitted DPDs'!$B370),"","Local Plans") -> Local Plans | B1037: =IF(ISBLANK('Master Submitted DPDs'!F370),"",'Master Submitted DPDs'!F370) -> LP | C1037: =IF(ISBLANK('Master Submitted DPDs'!$B370),"","IH") -> IH | D1037: =LOOKUP($F1037,'fuzzy LPA lookup'!$E:$E,'fuzzy LPA lookup'!$A:$A) -> U1105 | E1037: =LOOKUP($F1037,'fuzzy LPA lookup'!$E:$E,'fuzzy LPA lookup'!$D:$D) -> East Devon District Council | F1037: =IF(ISBLANK('Master Submitted DPDs'!B370),"",'Master Submitted DPDs'!B370) -> 2025 | G1037: =IF(ISBLANK('Master Submitted DPDs'!AS370),"","Withdrawn") | H1037: =IF(ISBLANK('Master Submitted DPDs'!AS370),"",'Master Submitted DPDs'!AS370) | L1037: =IF(ISBLANK('Master Submitted DPDs'!J370),"",'Master Submitted DPDs'!J370) -> 44860 | M1037: =L1037 -> 44860 | N1037: =IF(ISBLANK('Master Submitted DPDs'!M370),IF(ISBLANK('Master Submitted DPDs'!O370),"",'Master Submitted DPDs'!O370),'Master Submitted DPDs'!M370) -> 44881 | O1037: =IF(ISBLANK('Master Submitted DPDs'!Q370),"",'Master Submitted DPDs'!Q370) -> 45239 | P1037: =IF(ISBLANK('Master Submitted DPDs'!AO370),"",'Master Submitted DPDs'!AO370) -> 45729 | Q1037: =IF(ISBLANK('Master Submitted DPDs'!AU370),"",'Master Submitted DPDs'!AU370) -> SOU | R1037: =IF(F1037="","",IF(AND(H1037="",Q1037<>"UNS",P1037=""),"Open","Closed")) -> Closed | T1037: =IF(ISBLANK('Master Submitted DPDs'!G370),"",'Master Submitted DPDs'!G370) -> 3
A1038: =IF(ISBLANK('Master Submitted DPDs'!$B371),"","Local Plans") -> Local Plans | B1038: =IF(ISBLANK('Master Submitted DPDs'!F371),"",'Master Submitted DPDs'!F371) -> LP | C1038: =IF(ISBLANK('Master Submitted DPDs'!$B371),"","IH") -> IH | D1038: =LOOKUP($F1038,'fuzzy LPA lookup'!$E:$E,'fuzzy LPA lookup'!$A:$A) -> E1855 | E1038: =LOOKUP($F1038,'fuzzy LPA lookup'!$E:$E,'fuzzy LPA lookup'!$D:$D) -> Worcestershire County Council | F1038: =IF(ISBLANK('Master Submitted DPDs'!B371),"",'Master Submitted DPDs'!B371) -> 2154 | G1038: =IF(ISBLANK('Master Submitted DPDs'!AS371),"","Withdrawn") -> Withdrawn | H1038: =IF(ISBLANK('Master Submitted DPDs'!AS371),"",'Master Submitted DPDs'!AS371) -> 45569 | L1038: =IF(ISBLANK('Master Submitted DPDs'!J371),"",'Master Submitted DPDs'!J371) -> 44876 | M1038: =L1038 -> 44876 | N1038: =IF(ISBLANK('Master Submitted DPDs'!M371),IF(ISBLANK('Master Submitted DPDs'!O371),"",'Master Submitted DPDs'!O371),'Master Submitted DPDs'!M371) -> 44886 | O1038: =IF(ISBLANK('Master Submitted DPDs'!Q371),"",'Master Submitted DPDs'!Q371) | P1038: =IF(ISBLANK('Master Submitted DPDs'!AO371),"",'Master Submitted DPDs'!AO371) | Q1038: =IF(ISBLANK('Master Submitted DPDs'!AU371),"",'Master Submitted DPDs'!AU371) -> DPDW | R1038: =IF(F1038="","",IF(AND(H1038="",Q1038<>"UNS",P1038=""),"Open","Closed")) -> Closed | T1038: =IF(ISBLANK('Master Submitted DPDs'!G371),"",'Master Submitted DPDs'!G371) -> 3
A1039: =IF(ISBLANK('Master Submitted DPDs'!$B372),"","Local Plans") -> Local Plans | B1039: =IF(ISBLANK('Master Submitted DPDs'!F372),"",'Master Submitted DPDs'!F372) -> LP | C1039: =IF(ISBLANK('Master Submitted DPDs'!$B372),"","IH") -> IH | D1039: =LOOKUP($F1039,'fuzzy LPA lookup'!$E:$E,'fuzzy LPA lookup'!$A:$A) -> E1855 | E1039: =LOOKUP($F1039,'fuzzy LPA lookup'!$E:$E,'fuzzy LPA lookup'!$D:$D) -> Worcestershire County Council | F1039: =IF(ISBLANK('Master Submitted DPDs'!B372),"",'Master Submitted DPDs'!B372) -> 2141 | G1039: =IF(ISBLANK('Master Submitted DPDs'!AS372),"","Withdrawn") | H1039: =IF(ISBLANK('Master Submitted DPDs'!AS372),"",'Master Submitted DPDs'!AS372) | L1039: =IF(ISBLANK('Master Submitted DPDs'!J372),"",'Master Submitted DPDs'!J372) -> 44890 | M1039: =L1039 -> 44890 | N1039: =IF(ISBLANK('Master Submitted DPDs'!M372),IF(ISBLANK('Master Submitted DPDs'!O372),"",'Master Submitted DPDs'!O372),'Master Submitted DPDs'!M372) -> 44911 | O1039: =IF(ISBLANK('Master Submitted DPDs'!Q372),"",'Master Submitted DPDs'!Q372) | P1039: =IF(ISBLANK('Master Submitted DPDs'!AO372),"",'Master Submitted DPDs'!AO372) | Q1039: =IF(ISBLANK('Master Submitted DPDs'!AU372),"",'Master Submitted DPDs'!AU372) | R1039: =IF(F1039="","",IF(AND(H1039="",Q1039<>"UNS",P1039=""),"Open","Closed")) -> Open | T1039: =IF(ISBLANK('Master Submitted DPDs'!G372),"",'Master Submitted DPDs'!G372) -> 3
A1040: =IF(ISBLANK('Master Submitted DPDs'!$B373),"","Local Plans") -> Local Plans | B1040: =IF(ISBLANK('Master Submitted DPDs'!F373),"",'Master Submitted DPDs'!F373) -> Other | C1040: =IF(ISBLANK('Master Submitted DPDs'!$B373),"","IH") -> IH | D1040: =LOOKUP($F1040,'fuzzy LPA lookup'!$E:$E,'fuzzy LPA lookup'!$A:$A) -> E1855 | E1040: =LOOKUP($F1040,'fuzzy LPA lookup'!$E:$E,'fuzzy LPA lookup'!$D:$D) -> Worcestershire County Council | F1040: =IF(ISBLANK('Master Submitted DPDs'!B373),"",'Master Submitted DPDs'!B373) -> 2184 | G1040: =IF(ISBLANK('Master Submitted DPDs'!AS373),"","Withdrawn") | H1040: =IF(ISBLANK('Master Submitted DPDs'!AS373),"",'Master Submitted DPDs'!AS373) | L1040: =IF(ISBLANK('Master Submitted DPDs'!J373),"",'Master Submitted DPDs'!J373) -> 44894 | M1040: =L1040 -> 44894 | N1040: =IF(ISBLANK('Master Submitted DPDs'!M373),IF(ISBLANK('Master Submitted DPDs'!O373),"",'Master Submitted DPDs'!O373),'Master Submitted DPDs'!M373) -> 44910 | O1040: =IF(ISBLANK('Master Submitted DPDs'!Q373),"",'Master Submitted DPDs'!Q373) -> 45034 | P1040: =IF(ISBLANK('Master Submitted DPDs'!AO373),"",'Master Submitted DPDs'!AO373) -> 45167 | Q1040: =IF(ISBLANK('Master Submitted DPDs'!AU373),"",'Master Submitted DPDs'!AU373) -> SOU | R1040: =IF(F1040="","",IF(AND(H1040="",Q1040<>"UNS",P1040=""),"Open","Closed")) -> Closed | T1040: =IF(ISBLANK('Master Submitted DPDs'!G373),"",'Master Submitted DPDs'!G373) -> 2
A1041: =IF(ISBLANK('Master Submitted DPDs'!$B374),"","Local Plans") -> Local Plans | B1041: =IF(ISBLANK('Master Submitted DPDs'!F374),"",'Master Submitted DPDs'!F374) -> LP | C1041: =IF(ISBLANK('Master Submitted DPDs'!$B374),"","IH") -> IH | D1041: =LOOKUP($F1041,'fuzzy LPA lookup'!$E:$E,'fuzzy LPA lookup'!$A:$A) -> E1855 | E1041: =LOOKUP($F1041,'fuzzy LPA lookup'!$E:$E,'fuzzy LPA lookup'!$D:$D) -> Worcestershire County Council | F1041: =IF(ISBLANK('Master Submitted DPDs'!B374),"",'Master Submitted DPDs'!B374) -> 2113 | G1041: =IF(ISBLANK('Master Submitted DPDs'!AS374),"","Withdrawn") | H1041: =IF(ISBLANK('Master Submitted DPDs'!AS374),"",'Master Submitted DPDs'!AS374) | L1041: =IF(ISBLANK('Master Submitted DPDs'!J374),"",'Master Submitted DPDs'!J374) -> 44895 | M1041: =L1041 -> 44895 | N1041: =IF(ISBLANK('Master Submitted DPDs'!M374),IF(ISBLANK('Master Submitted DPDs'!O374),"",'Master Submitted DPDs'!O374),'Master Submitted DPDs'!M374) -> 44909 | O1041: =IF(ISBLANK('Master Submitted DPDs'!Q374),"",'Master Submitted DPDs'!Q374) | P1041: =IF(ISBLANK('Master Submitted DPDs'!AO374),"",'Master Submitted DPDs'!AO374) | Q1041: =IF(ISBLANK('Master Submitted DPDs'!AU374),"",'Master Submitted DPDs'!AU374) | R1041: =IF(F1041="","",IF(AND(H1041="",Q1041<>"UNS",P1041=""),"Open","Closed")) -> Open | T1041: =IF(ISBLANK('Master Submitted DPDs'!G374),"",'Master Submitted DPDs'!G374) -> 3
A1042: =IF(ISBLANK('Master Submitted DPDs'!$B375),"","Local Plans") -> Local Plans | B1042: =IF(ISBLANK('Master Submitted DPDs'!F375),"",'Master Submitted DPDs'!F375) -> LP | C1042: =IF(ISBLANK('Master Submitted DPDs'!$B375),"","IH") -> IH | D1042: =LOOKUP($F1042,'fuzzy LPA lookup'!$E:$E,'fuzzy LPA lookup'!$A:$A) -> E1855 | E1042: =LOOKUP($F1042,'fuzzy LPA lookup'!$E:$E,'fuzzy LPA lookup'!$D:$D) -> Worcestershire County Council | F1042: =IF(ISBLANK('Master Submitted DPDs'!B375),"",'Master Submitted DPDs'!B375) -> 2183 | G1042: =IF(ISBLANK('Master Submitted DPDs'!AS375),"","Withdrawn") -> Withdrawn | H1042: =IF(ISBLANK('Master Submitted DPDs'!AS375),"",'Master Submitted DPDs'!AS375) -> 45946 | L1042: =IF(ISBLANK('Master Submitted DPDs'!J375),"",'Master Submitted DPDs'!J375) -> 44938 | M1042: =L1042 -> 44938 | N1042: =IF(ISBLANK('Master Submitted DPDs'!M375),IF(ISBLANK('Master Submitted DPDs'!O375),"",'Master Submitted DPDs'!O375),'Master Submitted DPDs'!M375) -> 44956 | O1042: =IF(ISBLANK('Master Submitted DPDs'!Q375),"",'Master Submitted DPDs'!Q375) | P1042: =IF(ISBLANK('Master Submitted DPDs'!AO375),"",'Master Submitted DPDs'!AO375) | Q1042: =IF(ISBLANK('Master Submitted DPDs'!AU375),"",'Master Submitted DPDs'!AU375) -> DPDW | R1042: =IF(F1042="","",IF(AND(H1042="",Q1042<>"UNS",P1042=""),"Open","Closed")) -> Closed | T1042: =IF(ISBLANK('Master Submitted DPDs'!G375),"",'Master Submitted DPDs'!G375) -> 3
A1043: =IF(ISBLANK('Master Submitted DPDs'!#REF!),"","Local Plans") -> Local Plans | B1043: =IF(ISBLANK('Master Submitted DPDs'!#REF!),"",'Master Submitted DPDs'!#REF!) -> #REF! | C1043: =IF(ISBLANK('Master Submitted DPDs'!#REF!),"","IH") -> IH | D1043: =LOOKUP($F1043,'fuzzy LPA lookup'!$E:$E,'fuzzy LPA lookup'!$A:$A) -> #REF! | E1043: =LOOKUP($F1043,'fuzzy LPA lookup'!$E:$E,'fuzzy LPA lookup'!$D:$D) -> #REF! | F1043: =IF(ISBLANK('Master Submitted DPDs'!#REF!),"",'Master Submitted DPDs'!#REF!) -> #REF! | G1043: =IF(ISBLANK('Master Submitted DPDs'!#REF!),"","Withdrawn") -> Withdrawn | H1043: =IF(ISBLANK('Master Submitted DPDs'!#REF!),"",'Master Submitted DPDs'!#REF!) -> #REF! | L1043: =IF(ISBLANK('Master Submitted DPDs'!#REF!),"",'Master Submitted DPDs'!#REF!) -> #REF! | M1043: =L1043 -> #REF! | N1043: =IF(ISBLANK('Master Submitted DPDs'!#REF!),IF(ISBLANK('Master Submitted DPDs'!#REF!),"",'Master Submitted DPDs'!#REF!),'Master Submitted DPDs'!#REF!) -> #REF! | O1043: =IF(ISBLANK('Master Submitted DPDs'!#REF!),"",'Master Submitted DPDs'!#REF!) -> #REF! | P1043: =IF(ISBLANK('Master Submitted DPDs'!#REF!),"",'Master Submitted DPDs'!#REF!) -> #REF! | Q1043: =IF(ISBLANK('Master Submitted DPDs'!#REF!),"",'Master Submitted DPDs'!#REF!) -> #REF! | R1043: =IF(F1043="","",IF(AND(H1043="",Q1043<>"UNS",P1043=""),"Open","Closed")) -> #REF! | T1043: =IF(ISBLANK('Master Submitted DPDs'!#REF!),"",'Master Submitted DPDs'!#REF!) -> #REF!
A1044: =IF(ISBLANK('Master Submitted DPDs'!$B376),"","Local Plans") -> Local Plans | B1044: =IF(ISBLANK('Master Submitted DPDs'!F376),"",'Master Submitted DPDs'!F376) -> LP | C1044: =IF(ISBLANK('Master Submitted DPDs'!$B376),"","IH") -> IH | D1044: =LOOKUP($F1044,'fuzzy LPA lookup'!$E:$E,'fuzzy LPA lookup'!$A:$A) -> N2535 | E1044: =LOOKUP($F1044,'fuzzy LPA lookup'!$E:$E,'fuzzy LPA lookup'!$D:$D) -> West Lindsey District Council | F1044: =IF(ISBLANK('Master Submitted DPDs'!B376),"",'Master Submitted DPDs'!B376) -> 1813 | G1044: =IF(ISBLANK('Master Submitted DPDs'!AS376),"","Withdrawn") | H1044: =IF(ISBLANK('Master Submitted DPDs'!AS376),"",'Master Submitted DPDs'!AS376) | L1044: =IF(ISBLANK('Master Submitted DPDs'!J376),"",'Master Submitted DPDs'!J376) -> 44965 | M1044: =L1044 -> 44965 | N1044: =IF(ISBLANK('Master Submitted DPDs'!M376),IF(ISBLANK('Master Submitted DPDs'!O376),"",'Master Submitted DPDs'!O376),'Master Submitted DPDs'!M376) -> 44977 | O1044: =IF(ISBLANK('Master Submitted DPDs'!Q376),"",'Master Submitted DPDs'!Q376) -> 45127 | P1044: =IF(ISBLANK('Master Submitted DPDs'!AO376),"",'Master Submitted DPDs'!AO376) -> 45478 | Q1044: =IF(ISBLANK('Master Submitted DPDs'!AU376),"",'Master Submitted DPDs'!AU376) -> SOU | R1044: =IF(F1044="","",IF(AND(H1044="",Q1044<>"UNS",P1044=""),"Open","Closed")) -> Closed | T1044: =IF(ISBLANK('Master Submitted DPDs'!G376),"",'Master Submitted DPDs'!G376) -> 3
A1045: =IF(ISBLANK('Master Submitted DPDs'!$B377),"","Local Plans") -> Local Plans | B1045: =IF(ISBLANK('Master Submitted DPDs'!F377),"",'Master Submitted DPDs'!F377) -> LP | C1045: =IF(ISBLANK('Master Submitted DPDs'!$B377),"","IH") -> IH | D1045: =LOOKUP($F1045,'fuzzy LPA lookup'!$E:$E,'fuzzy LPA lookup'!$A:$A) -> E1855 | E1045: =LOOKUP($F1045,'fuzzy LPA lookup'!$E:$E,'fuzzy LPA lookup'!$D:$D) -> Worcestershire County Council | F1045: =IF(ISBLANK('Master Submitted DPDs'!B377),"",'Master Submitted DPDs'!B377) -> 2117 | G1045: =IF(ISBLANK('Master Submitted DPDs'!AS377),"","Withdrawn") | H1045: =IF(ISBLANK('Master Submitted DPDs'!AS377),"",'Master Submitted DPDs'!AS377) | L1045: =IF(ISBLANK('Master Submitted DPDs'!J377),"",'Master Submitted DPDs'!J377) -> 45016 | M1045: =L1045 -> 45016 | N1045: =IF(ISBLANK('Master Submitted DPDs'!M377),IF(ISBLANK('Master Submitted DPDs'!O377),"",'Master Submitted DPDs'!O377),'Master Submitted DPDs'!M377) -> 45034 | O1045: =IF(ISBLANK('Master Submitted DPDs'!Q377),"",'Master Submitted DPDs'!Q377) -> 45276 | P1045: =IF(ISBLANK('Master Submitted DPDs'!AO377),"",'Master Submitted DPDs'!AO377) -> 45555 | Q1045: =IF(ISBLANK('Master Submitted DPDs'!AU377),"",'Master Submitted DPDs'!AU377) -> SOU | R1045: =IF(F1045="","",IF(AND(H1045="",Q1045<>"UNS",P1045=""),"Open","Closed")) -> Closed | T1045: =IF(ISBLANK('Master Submitted DPDs'!G377),"",'Master Submitted DPDs'!G377) -> 3
A1046: =IF(ISBLANK('Master Submitted DPDs'!$B378),"","Local Plans") -> Local Plans | B1046: =IF(ISBLANK('Master Submitted DPDs'!F378),"",'Master Submitted DPDs'!F378) -> LP | C1046: =IF(ISBLANK('Master Submitted DPDs'!$B378),"","IH") -> IH | D1046: =LOOKUP($F1046,'fuzzy LPA lookup'!$E:$E,'fuzzy LPA lookup'!$A:$A) -> T1600 | E1046: =LOOKUP($F1046,'fuzzy LPA lookup'!$E:$E,'fuzzy LPA lookup'!$D:$D) -> Gloucestershire County Council | F1046: =IF(ISBLANK('Master Submitted DPDs'!B378),"",'Master Submitted DPDs'!B378) -> 2036 | G1046: =IF(ISBLANK('Master Submitted DPDs'!AS378),"","Withdrawn") | H1046: =IF(ISBLANK('Master Submitted DPDs'!AS378),"",'Master Submitted DPDs'!AS378) | L1046: =IF(ISBLANK('Master Submitted DPDs'!J378),"",'Master Submitted DPDs'!J378) -> 45016 | M1046: =L1046 -> 45016 | N1046: =IF(ISBLANK('Master Submitted DPDs'!M378),IF(ISBLANK('Master Submitted DPDs'!O378),"",'Master Submitted DPDs'!O378),'Master Submitted DPDs'!M378) -> 45033 | O1046: =IF(ISBLANK('Master Submitted DPDs'!Q378),"",'Master Submitted DPDs'!Q378) -> 45489 | P1046: =IF(ISBLANK('Master Submitted DPDs'!AO378),"",'Master Submitted DPDs'!AO378) -> 45656 | Q1046: =IF(ISBLANK('Master Submitted DPDs'!AU378),"",'Master Submitted DPDs'!AU378) -> SOU | R1046: =IF(F1046="","",IF(AND(H1046="",Q1046<>"UNS",P1046=""),"Open","Closed")) -> Closed | T1046: =IF(ISBLANK('Master Submitted DPDs'!G378),"",'Master Submitted DPDs'!G378) -> 3
A1047: =IF(ISBLANK('Master Submitted DPDs'!$B379),"","Local Plans") -> Local Plans | B1047: =IF(ISBLANK('Master Submitted DPDs'!F379),"",'Master Submitted DPDs'!F379) -> LP | C1047: =IF(ISBLANK('Master Submitted DPDs'!$B379),"","IH") -> IH | D1047: =LOOKUP($F1047,'fuzzy LPA lookup'!$E:$E,'fuzzy LPA lookup'!$A:$A) -> E1855 | E1047: =LOOKUP($F1047,'fuzzy LPA lookup'!$E:$E,'fuzzy LPA lookup'!$D:$D) -> Worcestershire County Council | F1047: =IF(ISBLANK('Master Submitted DPDs'!B379),"",'Master Submitted DPDs'!B379) -> 2162 | G1047: =IF(ISBLANK('Master Submitted DPDs'!AS379),"","Withdrawn") | H1047: =IF(ISBLANK('Master Submitted DPDs'!AS379),"",'Master Submitted DPDs'!AS379) | L1047: =IF(ISBLANK('Master Submitted DPDs'!J379),"",'Master Submitted DPDs'!J379) -> 45016 | M1047: =L1047 -> 45016 | N1047: =IF(ISBLANK('Master Submitted DPDs'!M379),IF(ISBLANK('Master Submitted DPDs'!O379),"",'Master Submitted DPDs'!O379),'Master Submitted DPDs'!M379) -> 45037 | O1047: =IF(ISBLANK('Master Submitted DPDs'!Q379),"",'Master Submitted DPDs'!Q379) -> 45568 | P1047: =IF(ISBLANK('Master Submitted DPDs'!AO379),"",'Master Submitted DPDs'!AO379) -> 45755 | Q1047: =IF(ISBLANK('Master Submitted DPDs'!AU379),"",'Master Submitted DPDs'!AU379) -> SOU | R1047: =IF(F1047="","",IF(AND(H1047="",Q1047<>"UNS",P1047=""),"Open","Closed")) -> Closed | T1047: =IF(ISBLANK('Master Submitted DPDs'!G379),"",'Master Submitted DPDs'!G379) -> 3
A1048: =IF(ISBLANK('Master Submitted DPDs'!$B380),"","Local Plans") -> Local Plans | B1048: =IF(ISBLANK('Master Submitted DPDs'!F380),"",'Master Submitted DPDs'!F380) -> LP | C1048: =IF(ISBLANK('Master Submitted DPDs'!$B380),"","IH") -> IH | D1048: =LOOKUP($F1048,'fuzzy LPA lookup'!$E:$E,'fuzzy LPA lookup'!$A:$A) -> E1855 | E1048: =LOOKUP($F1048,'fuzzy LPA lookup'!$E:$E,'fuzzy LPA lookup'!$D:$D) -> Worcestershire County Council | F1048: =IF(ISBLANK('Master Submitted DPDs'!B380),"",'Master Submitted DPDs'!B380) -> 2122 | G1048: =IF(ISBLANK('Master Submitted DPDs'!AS380),"","Withdrawn") | H1048: =IF(ISBLANK('Master Submitted DPDs'!AS380),"",'Master Submitted DPDs'!AS380) | L1048: =IF(ISBLANK('Master Submitted DPDs'!J380),"",'Master Submitted DPDs'!J380) -> 45057 | M1048: =L1048 -> 45057 | N1048: =IF(ISBLANK('Master Submitted DPDs'!M380),IF(ISBLANK('Master Submitted DPDs'!O380),"",'Master Submitted DPDs'!O380),'Master Submitted DPDs'!M380) -> 45076 | O1048: =IF(ISBLANK('Master Submitted DPDs'!Q380),"",'Master Submitted DPDs'!Q380) -> 45757 | P1048: =IF(ISBLANK('Master Submitted DPDs'!AO380),"",'Master Submitted DPDs'!AO380) -> 45961 | Q1048: =IF(ISBLANK('Master Submitted DPDs'!AU380),"",'Master Submitted DPDs'!AU380) -> SOU | R1048: =IF(F1048="","",IF(AND(H1048="",Q1048<>"UNS",P1048=""),"Open","Closed")) -> Closed | T1048: =IF(ISBLANK('Master Submitted DPDs'!G380),"",'Master Submitted DPDs'!G380) -> 3
